SMILES,num_atoms
O,1
O=[N+]1C(c2ccc(F)cc2F)=[N+]([O-])Cc2cccc(Br)c21,21
O=[N+]1C(c2ccccc2)=[NH+]Cc2ccccc21,17
O=[N+]C=C1c2cccc(Br)c2[N+](=O)C(c2ccc(F)cc2F)=[N+]1[O-],24
Fc1cccc(F)c1,8
O=[N+]1C(=C2c3cccc(Br)c3[N+](=O)C(c3ccc(F)cc3F)=[N+]2[O-])Cc2ccc(Br)cc21,32
O=[N+](C=C1c2cccc(Br)c2[N+](=O)C(c2ccc(F)cc2F)=[N+]1[O-])c1cccc(Br)c1,31
Cc1ccccc1,7
O=[N+]C(c1ccc(F)cc1F)=[N+]([O-])C=C1C(=O)c2ccc(Br)cc2[N+]1=O,26
O=[N+](C(=[N+][O-])c1ccc(F)cc1F)c1ccccc1Br,20
O=C1C(=C2c3cccc(Br)c3[N+](=O)C(c3ccc(F)cc3F)=[N+]2[O-])[N+](=O)c2cc(Br)ccc21,33
Br,1
Brc1ccccc1,7
O=C1C[N+](=O)c2ccccc21,11
C,1
c1ccccc1,6
O=C1C[N+](=O)c2cc(Br)ccc21,12
[O-],1
O=C1C(=C2[NH+]=C(c3ccccc3)[N+](=O)c3ccccc32)[N+](=O)c2ccccc21,28
F,1
O=[N+]1C=[NH+]Cc2ccccc21,11
[N+]=O,2
O,1
O=[N+]1C(c2ccc(Cl)cc2)=[N+]([O-])Cc2ccccc21,19
O=[N+]1C(c2ccccc2)=[NH+]Cc2ccccc21,17
CC1=CC(=C([N+][O-])c2ccccc2)C(=O)N([N+](=O)[O-])[N+]1=O,21
CC1=CC(=C2c3ccccc3[N+](=O)C(c3ccc(Cl)cc3)=[N+]2[O-])C(=O)N([N+](=O)[O-])[N+]1=O,31
CC(C(=O)N[N+](=O)[O-])=C1c2ccccc2[N+](=O)C(c2ccc(Cl)cc2)=[N+]1[O-],27
Cc1ccccc1,7
C,1
c1ccccc1,6
[O-],1
Cl,1
O=[N+]C(=[N+][O-])c1ccc(Cl)cc1,12
Clc1ccccc1,7
O=C1C(=C2c3ccccc3[N+](=O)C(c3ccc(Cl)cc3)=[N+]2[O-])C=C[N+](=O)N1[N+](=O)[O-],30
O=[N+][O-],3
CC1=CCC(=O)N([N+](=O)[O-])[N+]1=O,12
O=[N+]1C=[NH+]Cc2ccccc21,11
O=C1CC=C[N+](=O)N1,8
CC1=CC(=C[N+]([O-])=C([N+]=O)c2ccc(Cl)cc2)C(=O)N([N+](=O)[O-])[N+]1=O,25
O=C1N[N+](=O)C=CC1=C1[NH+]=C(c2ccccc2)[N+](=O)c2ccccc21,25
Cc1ccc(F)cc1,8
O=[N+]C(c1ccc(F)cc1)=[N+]([O-])C=C1C(=O)[N+]=[N+](Cc2ccc(F)cc2)C1=O,28
O,1
Fc1ccccc1,7
O=[N+]1C(c2ccc(F)cc2)=[N+]([O-])Cc2ccncc21,19
Cc1ccccc1,7
Cc1ccncc1,7
O=[N+]1C(c2ccccc2)=[NH+]Cc2ccncc21,17
c1ccncc1,6
[N+]=[N+]Cc1ccc(F)cc1,10
C,1
c1ccccc1,6
O=C1[N+]=[N+]C(=O)C1=C1c2ccncc2[N+](=O)C(c2ccc(F)cc2)=[N+]1[O-],26
[O-],1
C[N+]1=[N+]C(=O)C(=C2c3ccncc3[N+](=O)C(c3ccc(F)cc3)=[N+]2[O-])C1=O,27
O=[N+]C(=[N+][O-])c1ccc(F)cc1,12
[N+]C(=O)C(C=O)=C1c2ccncc2[N+](=O)C(c2ccc(F)cc2)=[N+]1[O-],25
O=C1C(=C2c3ccncc3[N+](=O)C(c3ccc(F)cc3)=[N+]2[O-])C[N+]=[N+]1Cc1ccc(F)cc1,33
C[N+]1=[N+]C(=O)CC1=O,8
F,1
O=C1CC(=O)[N+](Cc2ccc(F)cc2)=[N+]1,15
[N+]=[N+](Cc1ccc(F)cc1)C(=O)C=C1c2ccncc2[N+](=O)C(c2ccc(F)cc2)=[N+]1[O-],32
C[N+]1=[N+]C(=O)C(=C2[NH+]=C(c3ccccc3)[N+](=O)c3cnccc32)C1=O,25
O=C1[N+]=[N+](Cc2ccccc2)C(=O)C1=C1[NH+]=C(c2ccccc2)[N+](=O)c2cnccc21,31
O=[N+](C(=[N+][O-])c1ccc(F)cc1)c1cccnc1,18
O=C1[N+]=[N+](Cc2ccc(F)cc2)C(=O)C1=C1c2ccncc2[N+](=O)C(c2ccc(F)cc2)=[N+]1[O-],34
O=C1CC(=O)[N+](Cc2ccccc2)=[N+]1,14
O=[n+]1c[nH+]c(-c2ccccc2)c2cc1-2,14
O=[n+]1c(-c2ccccc2)[nH+]c(-c2ccccc2)c2c(-c3cc4ccccc4c4ccccc34)c1-2,34
Cc1ccccc1,7
O=[n+]1c2cc-2c(-c2ccccc2)[nH+]c1-c1ccccc1,20
O=[n+]1c[nH+]c(-c2ccccc2)c2c(-c3cc4ccccc4c4ccccc34)c1-2,28
Br,1
Brc1ccccc1,7
c1ccc2c(c1)ccc1ccccc12,14
O=[n+]1c(-c2ccccc2)[nH+]cc2c(-c3cc4ccccc4c4ccccc34)c1-2,28
C,1
O=[n+]1c[nH+]cc2c(-c3cc4ccccc4c4ccccc34)c1-2,22
Cc1cc(Br)cc2c1cc(-c1c3c(-c4ccc(Br)cc4)[n+]([O-])c(-c4ccccc4)[n+](=O)c1-3)c1ccccc12,38
c1ccccc1,6
[O-],1
Cc1cc(Br)cc2c1ccc1ccccc12,16
O=[n+]1c2cc-2c(-c2ccc(Br)cc2)[n+]([O-])c1-c1ccccc1,22
O=[n+]1c2c(-c3cc4ccc(Br)cc4c4ccccc34)c-2c(-c2ccc(Br)cc2)[n+]([O-])c1-c1ccccc1,37
O=[n+]1c[nH+]cc2cc1-2,8
O=[n+]1c2cc-2c[nH+]c1-c1ccccc1,14
O,1
Cc1ccccc1,7
O=C1OC1=C([N+][O-])c1ccccc1Br,14
O=[N+]C(c1ccccn1)=[N+]([O-])C=C1OC1=O,16
c1ccncc1,6
O=C1OC1=C1[NH+]=C(c2ccccn2)[N+](=O)c2ccccc21,21
Br,1
O=[N+]1C(c2ccccn2)=[N+]([O-])C(=C2CO2)c2c(Br)cccc21,22
C,1
c1ccccc1,6
[O-],1
O=[N+]1C(c2ccccn2)=[NH+]Cc2ccccc21,17
O=[N+]1C(c2ccccn2)=[N+]([O-])C(=CO)c2c(Br)cccc21,21
O=[N+]1C=[NH+]Cc2ccccc21,11
O=[N+]c1cccc(Br)c1C([N+][O-])=C1OC1=O,16
Cc1ccccn1,7
O=C1OC1=C1c2c(Br)cccc2[N+](=O)C=[N+]1[O-],17
O=C1OC1=C1c2c(Br)cccc2[N+](=O)C(c2ccccn2)=[N+]1[O-],23
O=[N+]1C(c2ccccn2)=[N+]([O-])Cc2c(Br)cccc21,19
O=[N+]C(=[N+][O-])c1ccccn1,11
O=C1CO1,4
c1ccccc1,6
[O-],1
O,1
O=[N+]C(=[N+][O-])[N+](=O)c1ccccc1,13
O=[N+]C([N+](=O)c1ccccc1)=[N+]([O-])c1ccccc1,19
O=[N+]1C(=Cc2ccccc2)c2ccccc2[N+]([O-])=C1[N+](=O)c1ccccc1,27
C=C1c2ccccc2[N+]([O-])=C([N+](=O)c2ccccc2)[N+]1=O,21
O=[N+]1Cc2ccccc2[NH+]=C1[N+](=O)c1ccccc1,19
O=[N+](C=[N+][O-])c1ccccc1,11
O=[N+]1C(=Cc2ccccc2)c2ccccc2[NH+]=C1[N+](=O)c1ccccc1,26
O=[N+](C1=[N+]([O-])c2ccccc2C(=Cc2ccccc2)[N+]1)c1ccccc1,26
C,1
Cc1ccccc1,7
O,1
O=[N+](C(=[N+][O-])c1ccc(Cl)cc1)c1ccc(F)cc1,19
O=C1NC(=O)C(=C2[NH+]=C(c3ccccc3)[N+](=O)c3ccccc32)N1,24
O=[N+]1C(c2ccccc2)=[NH+]Cc2ccccc21,17
O=C1CNC(=O)N1,7
O=[N+]1C(c2ccc(Cl)cc2)=[N+]([O-])C(=CNCc2ccccc2)c2cc(F)ccc21,29
Cc1ccccc1,7
CN1C(=O)NC(=O)C1=C1[NH+]=C(c2ccccc2)[N+](=O)c2ccccc21,25
O=C1NC(=O)N(Cc2ccccc2)C1=C1[NH+]=C(c2ccccc2)[N+](=O)c2ccccc21,31
C,1
c1ccccc1,6
CN1C(=O)NC(=O)C1=C1c2cc(F)ccc2[N+](=O)C(c2ccc(Cl)cc2)=[N+]1[O-],28
[O-],1
Cl,1
O=C1NC(=O)C(=C2c3cc(F)ccc3[N+](=O)C(c3ccc(Cl)cc3)=[N+]2[O-])N1,27
Clc1ccccc1,7
O=C1NC(=O)C(=C2[NH+]=C[N+](=O)c3ccccc32)N1,18
O=CNC(=O)C=C1c2cc(F)ccc2[N+](=O)C(c2ccc(Cl)cc2)=[N+]1[O-],26
F,1
O=[N+]1C=[NH+]Cc2ccccc21,11
CN1CC(=O)NC1=O,8
O=[N+]1C(c2ccc(Cl)cc2)=[N+]([O-])Cc2cc(F)ccc21,20
NC(=O)N(C=C1c2cc(F)ccc2[N+](=O)C(c2ccc(Cl)cc2)=[N+]1[O-])Cc1ccccc1,32
O=C1CN(Cc2ccccc2)C(=O)N1,14
O=C1NCC(=C2c3cc(F)ccc3[N+](=O)C(c3ccc(Cl)cc3)=[N+]2[O-])N1Cc1ccccc1,33
O=C1NC(=O)N(Cc2ccccc2)C1=C1c2cc(F)ccc2[N+](=O)C(c2ccc(Cl)cc2)=[N+]1[O-],34
O,1
CN1C(=O)C(=C([N+][O-])[N+]=O)N(c2ccccc2)C1=O,19
O=[N+]1C[N+]([O-])=C(c2cccc(Br)c2)c2ccccc21,19
O=C1CNC(=O)N1,7
O=C1CN(c2ccccc2)C(=O)N1,13
Cc1ccccc1,7
O=C1NC(=O)N(c2ccccc2)C1=C1[NH+]=C(c2ccccc2)c2ccccc2[N+]1=O,30
CN1C(=O)C(=C[N+]([O-])=Cc2cccc(Br)c2)N(c2ccccc2)C1=O,25
CN1C(=O)CNC1=O,8
CN1C(=O)NC(=C2[NH+]=C(c3ccccc3)c3ccccc3[N+]2=O)C1=O,25
Br,1
O=[N+]c1ccccc1C(=[N+][O-])c1cccc(Br)c1,18
Brc1ccccc1,7
CN1C(=O)C(=C2[N+](=O)c3ccccc3C(c3cccc(Br)c3)=[N+]2[O-])N(c2ccccc2)C1=O,33
C,1
c1ccccc1,6
[O-],1
CN1C(=O)C(=C2[NH+]=C(c3ccccc3)c3ccccc3[N+]2=O)N(c2ccccc2)C1=O,31
CN1C(=O)C(=C([N+]=O)[N+]([O-])=Cc2cccc(Br)c2)N(c2ccccc2)C1=O,27
CN1CC(=O)N(C)C1=O,9
O=CN(C=C1[N+](=O)c2ccccc2C(c2cccc(Br)c2)=[N+]1[O-])c1ccccc1,29
O=C1NC(=O)C(=C2[NH+]=C(c3ccccc3)c3ccccc3[N+]2=O)N1,24
O=C1NC(=O)N(c2ccccc2)C1=C1[N+](=O)c2ccccc2C(c2cccc(Br)c2)=[N+]1[O-],32
CN1CC(=O)NC1=O,8
O=C1NC(=O)N(c2ccccc2)C1=C1Nc2ccccc2C(c2ccccc2)=[NH+]1,29
CN1C(=O)CN(c2ccccc2)C1=O,14
O=C1NC(=O)C(=C2Nc3ccccc3C(c3ccccc3)=[NH+]2)N1,23
CN(C=O)C=O,6
O,1
O=[N+]1C(c2ccccc2)=[NH+]Cc2ccccc21,17
Cc1ccccc1,7
CC1=[N+](C)C(=C[N+]([O-])=C([N+]=O)c2ccc(Cl)cc2)C(=O)N1c1ccccc1,27
C[N+]C(C=O)=C1c2cc(Cl)ccc2[N+](=O)C(c2ccc(Cl)cc2)=[N+]1[O-],25
C,1
c1ccccc1,6
[O-],1
Cl,1
CC1=[N+](C)C(=C2c3cc(Cl)ccc3[N+](=O)C(c3ccc(Cl)cc3)=[N+]2[O-])C(=O)N1c1ccccc1,34
O=[N+]C(=[N+][O-])c1ccc(Cl)cc1,12
Clc1ccccc1,7
CC1=[N+](C)CC(=O)N1c1ccccc1,14
O=[N+]1C=[NH+]Cc2ccccc21,11
O=[N+]1C(c2ccc(Cl)cc2)=[N+]([O-])Cc2cc(Cl)ccc21,20
O=C1NC=[NH+]C1=C1[NH+]=C(c2ccccc2)[N+](=O)c2ccccc21,23
C[N+]1=CN(c2ccccc2)C(=O)C1=C1c2cc(Cl)ccc2[N+](=O)C(c2ccc(Cl)cc2)=[N+]1[O-],33
O=C1C(=C2[NH+]=C(c3ccccc3)[N+](=O)c3ccccc32)[NH+]=CN1c1ccccc1,29
O=C1C[NH+]=CN1c1ccccc1,12
O=C1C[NH+]=CN1,6
O,1
CN1C(=O)N(Cc2ccccc2)C(=O)C1=C1c2ccc(Br)cc2[N+](=O)C(c2ccccc2F)=[N+]1[O-],35
CN1C(=O)C(=C2c3ccc(Br)cc3[N+](=O)C(c3ccccc3F)=[N+]2[O-])N(C)C1=O,29
O=[N+](C(=[N+][O-])c1ccccc1F)c1cccc(Br)c1,19
O=C1NC(=O)C(=C2[NH+]=C(c3ccccc3)[N+](=O)c3ccccc32)N1,24
Fc1ccccc1,7
O=[N+]1C(c2ccccc2)=[NH+]Cc2ccccc21,17
CN1C(=O)NC(=C2[NH+]=C(c3ccccc3)[N+](=O)c3ccccc32)C1=O,25
O=C1CNC(=O)N1,7
Cc1ccccc1,7
CN1C(=O)NC(=O)C1=C1c2ccc(Br)cc2[N+](=O)C(c2ccccc2F)=[N+]1[O-],28
CN1C(=O)NC(=O)C1=C1[NH+]=C(c2ccccc2)[N+](=O)c2ccccc21,25
O=C(C=C1c2ccc(Br)cc2[N+](=O)C(c2ccccc2F)=[N+]1[O-])NCc1ccccc1,31
CN1C(=O)CNC1=O,8
Br,1
O=C1NC(=C2c3ccc(Br)cc3[N+](=O)C(c3ccccc3F)=[N+]2[O-])C(=O)N1Cc1ccccc1,34
C,1
c1ccccc1,6
[O-],1
CN(C=O)C(C=O)=C1c2ccc(Br)cc2[N+](=O)C(c2ccccc2F)=[N+]1[O-],27
O=C1NC(=C2[NH+]=C(c3ccccc3)[N+](=O)c3ccccc32)C(=O)N1Cc1ccccc1,31
O=C1CNC(=O)N1Cc1ccccc1,14
CN1CC(=O)N(Cc2ccccc2)C1=O,15
O=C1NC(=O)C(=C2[NH+]=C[N+](=O)c3ccccc32)N1,18
CN1CC(=O)N(C)C1=O,9
F,1
O=[N+]1C=[NH+]Cc2ccccc21,11
CN1CC(=O)NC1=O,8
O=[N+]1C(c2ccccc2F)=[N+]([O-])Cc2ccc(Br)cc21,20
N#CCC(C=O)=C1c2ccccc2Oc2ccccc21,20
O,1
N#CC1=C[N+](=O)C(=O)C1=C1c2ccccc2Oc2ccccc21,23
C#N,2
Cc1ccccc1,7
Cc1ccncc1,7
c1ccncc1,6
CC1=C(c2ccncc2)[N+](=O)C(=O)C1=C1c2ccccc2Oc2ccccc21,28
N#CCC(C(=O)[N+]=O)=C1c2ccccc2Oc2ccccc21,22
N#CC1=C(c2ccncc2)[N+](=O)C(=O)C1=C1c2ccccc2Oc2ccccc21,29
C,1
c1ccccc1,6
O=C1C(=C2c3ccccc3Oc3ccccc32)C=C(c2ccncc2)[N+]1=O,27
O=C[N+](=O)Cc1ccncc1,11
O=C1CC=C(c2ccncc2)[N+]1=O,13
Oc1ccccc1,7
N#CC1=C(c2ccncc2)[N+](=O)C(=O)C1,15
c1ccc(Oc2ccccc2)cc1,13
N#CC=C(c1ccncc1)[N+](=O)C=O,14
N,1
N#CC1=C(c2ccncc2)[N+](=O)C(=O)C1=Cc1ccccc1O,23
c1ccc2c(c1)Cc1ccccc1O2,14
O,1
O=C1NC(=O)C(=C2[NH+]=C(c3ccccc3)[N+](=O)c3ccccc32)N1,24
O=[N+]1C(c2ccccc2)=[NH+]Cc2ccccc21,17
O=C1NCC(=C2c3ccc(Cl)cc3[N+](=O)C(c3ccc(Cl)cc3)=[N+]2[O-])N1c1ccccc1,32
O=C1CNC(=O)N1,7
O=C1CN(c2ccccc2)C(=O)N1,13
Cc1ccccc1,7
CN1C(=O)NC(=O)C1=C1[NH+]=C(c2ccccc2)[N+](=O)c2ccccc21,25
O=C1NC(=O)N(c2ccccc2)C1=C1[NH+]=C(c2ccccc2)[N+](=O)c2ccccc21,30
O=CNC(=O)C=C1c2ccc(Cl)cc2[N+](=O)C(c2ccc(Cl)cc2)=[N+]1[O-],26
C,1
c1ccccc1,6
[O-],1
Cl,1
O=C1NC(=O)C(=C2c3ccc(Cl)cc3[N+](=O)C(c3ccc(Cl)cc3)=[N+]2[O-])N1,27
O=C1NC(=O)N(c2ccccc2)C1=C1[NH+]=C[N+](=O)c2ccccc21,24
O=C1NC(=O)N(c2ccccc2)C1=C1c2ccc(Cl)cc2[N+](=O)C(c2ccc(Cl)cc2)=[N+]1[O-],33
O=[N+]C(=[N+][O-])c1ccc(Cl)cc1,12
Clc1ccccc1,7
NC(=O)N(C=C1c2ccc(Cl)cc2[N+](=O)C(c2ccc(Cl)cc2)=[N+]1[O-])c1ccccc1,31
O=C1NC(=O)C(=C2[NH+]=C[N+](=O)c3ccccc32)N1,18
O=[N+]1C=[NH+]Cc2ccccc21,11
CN1CC(=O)NC1=O,8
O=[N+]1C(c2ccc(Cl)cc2)=[N+]([O-])Cc2ccc(Cl)cc21,20
O=[N+]1C(c2ccc(Cl)cc2)=[N+]([O-])C(=CNc2ccccc2)c2ccc(Cl)cc21,28
NC(=O)C=C1c2ccc(Cl)cc2[N+](=O)C(c2ccc(Cl)cc2)=[N+]1[O-],24
O=[N+](C(=[N+][O-])c1ccc(Cl)cc1)c1cccc(Cl)c1,19
O=C1C(=O)N(c2ccccc2)NC1=C1c2cc(Cl)ccc2[N+](=O)C(=O)[N+]1=O,27
O,1
O=CN(NC=C1c2cc(Cl)ccc2[N+](=O)C(=O)[N+]1=O)c1ccccc1,25
O=C1NNC(=C2c3cc(Cl)ccc3[N+](=O)C(=O)[N+]2=O)C1=O,21
O=[N+]C(=O)[N+]=O,6
Cc1ccccc1,7
O=[N+]C(=O)[N+](=O)c1ccc(Cl)cc1,13
NC=C1c2cc(Cl)ccc2[N+](=O)C(=O)[N+]1=O,16
C,1
c1ccccc1,6
Cl,1
O=C1C(=O)N(c2ccccc2)NC1=C1c2ccccc2[N+](=O)C(=O)[N+]1=O,26
O=C1CC(=C2c3cc(Cl)ccc3[N+](=O)C(=O)[N+]2=O)NN1c1ccccc1,26
NC(C=O)=C1c2cc(Cl)ccc2[N+](=O)C(=O)[N+]1=O,18
O=C1CNNC1=O,7
O=C1[N+](=O)Cc2ccccc2[N+]1=O,13
NC(C(=O)C=O)=C1c2cc(Cl)ccc2[N+](=O)C(=O)[N+]1=O,20
O=C1NNC(=C2c3ccccc3[N+](=O)C(=O)[N+]2=O)C1=O,20
O=C1[N+](=O)Cc2cc(Cl)ccc2[N+]1=O,14
O=C1CNN(c2ccccc2)C1=O,13
NN(C(=O)C=O)c1ccccc1,12
O=C1NCc2ccccc2[N+]1=O,12
c1ccccc1,6
O=[N+](C1=C(c2ccccc2)[N+](=O)C(c2ccccc2)(c2ccccc2)[N+]1=O)c1ccccc1,33
O,1
O=[N+]1C=C(c2ccc(Br)cc2)[N+](=O)C1(c1ccccc1)c1ccccc1,26
O=[N+]c1ccccc1,8
O=[N+]1C[N+](=O)C([N+](=O)c2ccccc2)=C1c1ccccc1,21
O=[N+](C1=C(c2ccccc2)[N+](=O)C(c2ccccc2)[N+]1=O)c1ccccc1,27
O=[N+](C1=C(c2ccc(Br)cc2)[N+](=O)C(c2ccccc2)(c2ccccc2)[N+]1=O)c1ccccc1,34
O=[N+]C(c1ccccc1)(c1ccccc1)[N+](=O)Cc1ccc(Br)cc1,25
Br,1
O=[N+](C1=C[N+](=O)C(c2ccccc2)(c2ccccc2)[N+]1=O)c1ccccc1,27
O=[N+]1C([N+]c2ccccc2)=C(c2ccc(Br)cc2)[N+](=O)C1(c1ccccc1)c1ccccc1,33
O=[N+]C(c1ccccc1)(c1ccccc1)[N+](=O)C[N+](=O)c1ccccc1,26
O=[N+](Cc1ccc(Br)cc1)C(c1ccccc1)c1ccccc1,23
C,1
Cc1ccccc1,7
O,1
ON1Cc2cccn2[B-]1(F)F,11
[BH2-]1NCc2cccn21,8
c1ccc(C2=[NH+]Cc3ccccc32)cc1,15
Cc1ccccc1,7
[O-][N+]C(=C1c2cccn2[B-](F)(F)N1O)c1cccc(Cl)c1,21
[O-][N+]1=Cc2ccc(Cl)cc2C1=C1c2cccn2[B-](F)(F)N1O,22
C,1
c1ccccc1,6
[O-],1
Cl,1
[O-][N+]1=C(c2ccccc2)c2ccc(Cl)cc2C1,17
[O-][N+]1=C(c2ccccc2)c2ccc(Cl)cc2C1=C1c2cccn2[B-](F)(F)N1O,28
ON[B-](F)(F)n1cccc1,10
ON1C(=C2[N+]=C(c3ccccc3)c3ccc(Cl)cc32)c2cccn2[B-]1(F)F,27
F,1
[BH2-]1NC(=C2[NH+]=C(c3ccccc3)c3ccccc32)c2cccn21,23
Clc1ccc(Cc2ccccc2)cc1,14
C1=[NH+]Cc2ccccc21,9
O,1
O=[N+]1C[N+]([O-])=C(c2cccnc2Br)[N+](=O)c2cc(F)ccc21,22
O=C(Nc1ccc(Cl)cc1)N(C=C1[N+](=O)c2ccc(F)cc2[N+](=O)C(c2cccnc2Br)=[N+]1[O-])c1ccccc1,40
O=[N+]c1ccc(F)cc1[N+](=O)C(=[N+][O-])c1cccnc1Br,21
O=C1N(c2ccc(Cl)cc2)CC(=C2[N+](=O)c3ccc(F)cc3[N+](=O)C(c3cccnc3Br)=[N+]2[O-])N1c1ccccc1,41
O=C1CNC(=O)N1,7
O=C1CN(c2ccccc2)C(=O)N1,13
Cc1cccnc1,7
c1ccncc1,6
O=C1C(=C2[NH+]=C(c3cccnc3)[N+](=O)c3ccccc3[N+]2=O)N(c2ccccc2)C(=O)N1c1ccccc1,38
O=C1CNC(=O)N1c1ccccc1,13
CN1C(=O)CNC1=O,8
Br,1
O=[N+]c1cc(F)ccc1[N+](=O)C([N+][O-])=C1C(=O)N(c2ccc(Cl)cc2)C(=O)N1c1ccccc1,34
O=C1CN(c2ccccc2)C(=O)N1c1ccccc1,19
O=C1NC(=O)N(c2ccccc2)C1=C1[NH+]=C(c2cccnc2)[N+](=O)c2ccccc2[N+]1=O,32
C,1
c1ccccc1,6
O=[N+]C(=C1C(=O)N(c2ccc(Cl)cc2)C(=O)N1c1ccccc1)[N+]([O-])=C([N+]=O)c1cccnc1Br,35
Cl,1
[O-],1
O=C1NC(=C2[NH+]=C(c3cccnc3)[N+](=O)c3ccccc3[N+]2=O)C(=O)N1c1ccccc1,32
Clc1ccccc1,7
O=CNc1ccc(Cl)cc1,10
O=CN(C=C1[N+](=O)c2ccc(F)cc2[N+](=O)C(c2cccnc2Br)=[N+]1[O-])c1ccccc1,32
O=[N+]C(c1cccnc1Br)=[N+]([O-])C=C1C(=O)N(c2ccc(Cl)cc2)C(=O)N1c1ccccc1,33
O=C1NC(=O)C(=C2[NH+]=C(c3cccnc3)[N+](=O)c3ccccc3[N+]2=O)N1,26
F,1
CN1CC(=O)N(C)C1=O,9
O=C1C(=C2[N+](=O)c3ccc(F)cc3[N+](=O)C=[N+]2[O-])N(c2ccccc2)C(=O)N1c1ccc(Cl)cc1,35
CN1CC(=O)NC1=O,8
O=C1C(=C2[N+](=O)c3ccc(F)cc3[N+](=O)C(c3cccnc3Br)=[N+]2[O-])N(c2ccccc2)C(=O)N1c1ccc(Cl)cc1,42
CN1C(=O)CN(c2ccccc2)C1=O,14
O,1
O=CC(O)=C1c2ccc(F)cc2C(c2ccc(Cl)cc2)=[N+]1[O-],22
c1ccc(C2=[NH+]Cc3ccccc32)cc1,15
Cc1ccccc1,7
C,1
c1ccccc1,6
[O-],1
Cl,1
O=C1C(=O)c2ccccc2OC1=C1[NH+]=C(c2ccccc2)c2ccccc21,27
O=CC(=O)c1ccccc1O,11
Clc1ccccc1,7
O=C1CC(=C2c3ccc(F)cc3C(c3ccc(Cl)cc3)=[N+]2[O-])Oc2ccccc21,29
O=C1C(=O)c2ccccc2OC1=C1c2ccc(F)cc2C(c2ccc(Cl)cc2)=[N+]1[O-],30
[O-][N+]=C(c1ccc(Cl)cc1)c1cccc(F)c1,17
F,1
[O-][N+]1=C(c2ccc(Cl)cc2)c2cc(F)ccc2C1,18
[O-][N+]1=C(c2ccc(Cl)cc2)c2cc(F)ccc2C1=CO,20
O=Cc1ccccc1OC=C1c2ccc(F)cc2C(c2ccc(Cl)cc2)=[N+]1[O-],28
O=CC(=O)C(O)=C1c2ccc(F)cc2C(c2ccc(Cl)cc2)=[N+]1[O-],24
C1=[NH+]Cc2ccccc21,9
O=C1COc2ccccc2C1=O,12
O,1
[O-][N+]=C(c1ccc(Cl)cc1)c1cccc(Cl)c1,17
O=[N+]([O-])NC=C1c2ccc(Cl)cc2C(c2ccc(Cl)cc2)=[N+]1[O-],23
O=C1CN([N+](=O)[O-])C(=O)N1,10
O=C1CNC(=O)N1,7
c1ccc(C2=[NH+]Cc3ccccc32)cc1,15
Cc1ccccc1,7
C,1
O=C1NC(=O)N([N+](=O)[O-])C1=C1c2ccc(Cl)cc2C(c2ccc(Cl)cc2)=[N+]1[O-],28
c1ccccc1,6
[O-],1
Cl,1
O=C1NCC(=C2c3ccc(Cl)cc3C(c3ccc(Cl)cc3)=[N+]2[O-])N1[N+](=O)[O-],27
Clc1ccccc1,7
O=[N+][O-],3
O=C1NC(=O)C(=C2[NH+]=C(c3ccccc3)c3ccccc32)N1,22
[O-][N+]=Cc1ccc(Cl)cc1,10
NC(=O)N(C=C1c2ccc(Cl)cc2C(c2ccc(Cl)cc2)=[N+]1[O-])[N+](=O)[O-],26
[O-][N+]1=C(c2ccc(Cl)cc2)c2cc(Cl)ccc2C1,18
O=C1NC(=O)C(=C2[NH+]=Cc3ccccc32)N1,16
O=C1NC(=O)N([N+](=O)[O-])C1=C[N+]([O-])=Cc1ccc(Cl)cc1,21
O=CNC(=O)N[N+](=O)[O-],9
C1=[NH+]Cc2ccccc21,9
c1ccccc1,6
C(=[NH+]c1ccccc1)c1ccc(NN=C(c2ccccc2)c2ccccc2)cc1,29
[O-],1
C=[N+]([O-])c1ccccc1,9
[O-][N+](=Cc1ccc(NN=C(c2ccccc2)c2ccccc2)cc1)c1ccccc1,30
[O-][N+]c1ccccc1,8
NN=C(c1ccccc1)c1ccccc1,15
C(=[N+]c1ccccc1)c1ccc(NN=C(c2ccccc2)c2ccccc2)cc1,29
c1ccc(NN=C(c2ccccc2)c2ccccc2)cc1,21
Cc1ccc(NN=C(c2ccccc2)c2ccccc2)cc1,22
C,1
Cc1ccccc1,7
O=C1NC(=C2C(=O)C(=NNc3ccccc3[N+](=O)[O-])c3ccccc32)N(c2ccccc2)C1=O,34
O=CC=NNc1ccccc1[N+](=O)[O-],14
O,1
O=CNc1ccccc1,9
O=C1C(=NNc2ccccc2[N+](=O)[O-])c2ccccc2C1=C1NCC(=O)N1c1ccccc1,33
Cc1ccccc1,7
O=C1Cc2ccccc2C1,10
O=C1NC(=C2C(=O)C(=NNc3ccccc3)c3ccccc32)N(c2ccccc2)C1=O,31
NNc1ccccc1[N+](=O)[O-],11
O=CC(=NNc1ccccc1[N+](=O)[O-])c1ccccc1,20
O=C1NC(=C2C(=O)C(=NNc3ccccc3)c3ccccc32)NC1=O,25
O=C1NCN(c2ccccc2)C1=O,13
C,1
Nc1ccccc1[N+](=O)[O-],10
c1ccccc1,6
O=[N+][O-],3
O=C1Cc2ccccc2C1=NNc1ccccc1[N+](=O)[O-],21
NN=C1C(=O)C(=C2NC(=O)C(=O)N2c2ccccc2)c2ccccc21,25
NC(=O)C=O,5
NC(=C1C(=O)C(=NNc2ccccc2[N+](=O)[O-])c2ccccc21)N(C=O)c1ccccc1,32
NC(=O)C(=O)Nc1ccccc1,12
O,1
O=C1NC(=C2Nc3ccccc3C(c3ccccc3)=[NH+]2)C(=O)N1c1ccccc1,29
CN1C(=C2C(=O)NC(=O)N2c2ccccc2)[N+]([O-])=C(c2ccc(Cl)cc2)c2ccccc21,32
O=C1CNC(=O)N1,7
O=C1CN(c2ccccc2)C(=O)N1,13
Cc1ccccc1,7
O=C1C(=C2Nc3ccccc3C(c3ccccc3)=[NH+]2)N(c2ccccc2)C(=O)N1c1ccccc1,35
O=C1C(=C2Nc3ccccc3C(c3ccc(Cl)cc3)=[N+]2[O-])N(c2ccccc2)C(=O)N1c1cccc(Cl)c1,38
O=C1CNC(=O)N1c1ccccc1,13
CN1C(=O)CNC1=O,8
CN1C[N+]([O-])=C(c2ccc(Cl)cc2)c2ccccc21,19
O=C1CN(c2ccccc2)C(=O)N1c1ccccc1,19
C,1
CN(C([N+][O-])=C1C(=O)N(c2cccc(Cl)c2)C(=O)N1c1ccccc1)c1ccccc1,31
c1ccccc1,6
[O-],1
Cl,1
CN1C(=C2C(=O)N(c3cccc(Cl)c3)C(=O)N2c2ccccc2)[N+]([O-])=C(c2ccc(Cl)cc2)c2ccccc21,39
Clc1ccccc1,7
CN1CC(=O)N(C)C1=O,9
CNc1ccccc1C(=[N+][O-])c1ccc(Cl)cc1,18
CN1CC(=O)NC1=O,8
O=C1C(=C[N+]([O-])=Cc2ccc(Cl)cc2)N(c2ccccc2)C(=O)N1c1cccc(Cl)c1,31
O=C1NC(=O)N(c2ccccc2)C1=C1Nc2ccccc2C(c2ccccc2)=[NH+]1,29
CN1C(=O)CN(c2ccccc2)C1=O,14
O=C1CN(c2ccccc2)C(=O)N1c1cccc(Cl)c1,20
O=C1NC(=O)C(=C2Nc3ccccc3C(c3ccccc3)=[NH+]2)N1,23
[O-][N+]=C(c1ccccc1)c1ccc(Cl)cc1,16
c1ccccc1,6
Cl,1
O=C1[NH+][BH2-][N+](=O)C=C2[BH2-][N+]1=C(c1ccccn1)c1ccccc12,23
O,1
c1ccncc1,6
O=C([NH+][B-](F)(F)[N+](=O)CF)[N+](=Cc1ccccn1)[B-](F)F,21
O=C1[NH+][B-](F)(F)[N+](=O)C(F)=C2c3ccc(Cl)cc3C=[N+]1[B-]2(F)F,23
O=[N+]C(F)=C1c2ccc(Cl)cc2C(c2ccccn2)=[N+][B-]1(F)F,23
[NH+][B-](F)(F)[N+](=O)C(F)=C1c2ccc(Cl)cc2C(c2ccccn2)=[N+][B-]1(F)F,27
O=C1[NH+][B-](F)(F)[N+](=O)C(F)=C[B-](F)(F)[N+]1=Cc1ccccn1,22
Cc1ccccn1,7
O=C1[N+][B-](F)(F)C(c2ccc(Cl)cc2)=C(F)[N+](=O)[B-](F)(F)[NH+]1,22
O=C1[NH+][B-](F)(F)[N+](=O)C(F)=C2c3ccc(Cl)cc3C(c3ccccn3)=[N+]1[B-]2(F)F,29
F,1
C,1
O=[N+]1C(F)=C2c3ccc(Cl)cc3C(c3ccccn3)=[N+](C[NH+][B-]1(F)F)[B-]2(F)F,28
Cc1ccccc1,7
O=[N+]1C(c2ccc(Br)cc2)=[N+]([O-])C(=C2c3cccn3[B-](F)(F)N2c2ccccc2)c2cc(Cl)cc(Br)c21,37
O,1
O=[N+]1C=[N+]([O-])C(=C2c3cccn3[B-](F)(F)N2c2ccccc2)c2cc(Cl)cc(Br)c21,30
[O-][N+]C(=C1c2cccn2[B-](F)(F)N1c1ccccc1)c1cc(Cl)cc(Br)c1,27
O=[N+]1C(c2ccccc2)=[NH+]Cc2ccccc21,17
[BH2-]1NCc2cccn21,8
F[B-]1(F)N(c2ccccc2)Cc2cccn21,16
Cc1ccccc1,7
[O-][N+](C=C1c2cccn2[B-](F)(F)N1c1ccccc1)=Cc1ccc(Br)cc1,27
Br,1
Brc1ccccc1,7
O=[N+]1C(c2ccc(Br)cc2)=[N+]([O-])Cc2cc(Cl)cc(Br)c21,21
C,1
[BH2-]1N(c2ccccc2)Cc2cccn21,14
c1ccccc1,6
[O-],1
Cl,1
O=[N+]c1c(Br)cc(Cl)cc1C([N+][O-])=C1c2cccn2[B-](F)(F)N1c1ccccc1,29
[O-][N+]1=C(c2ccc(Br)cc2)[N+]c2c(Br)cc(Cl)cc2C1=C1c2cccn2[B-](F)(F)N1c1ccccc1,36
F,1
O=[N+]1C=[NH+]Cc2ccccc21,11
O=[N+]1C(c2ccccc2)=[NH+]C(=C2c3cccn3[BH2-]N2c2ccccc2)c2ccccc21,31
O=C1c2ccc(O)cc2C(=CC=Cc2ccccc2)N1c1ccccc1,26
O,1
O=CNc1ccccc1,9
O=C1NC(=O)C(=C2c3ccccc3C(=O)N2c2ccccc2)C=C1c1ccccc1,30
Cc1ccccc1,7
O=C1c2ccc(O)cc2CN1c1ccccc1,17
O=C1C=CCC(=O)N1,8
O=C1NC(=O)C(=C2NC(=O)c3ccccc32)C=C1c1ccccc1,24
O=C1CC=C(c2ccccc2)C(=O)N1,14
O=C1NC(=O)C(=C2c3cc(O)ccc3C(=O)N2c2ccccc2)C=C1c1ccccc1,31
C=C(C(=O)NC=O)c1ccccc1,13
O=C1NCC(c2ccccc2)=CC1=C1c2cc(O)ccc2C(=O)N1c1ccccc1,30
CC(C(N)=O)=C1c2cc(O)ccc2C(=O)N1c1ccccc1,22
C,1
c1ccccc1,6
O=C1c2ccccc2CN1c1ccccc1,16
NC(=O)C(C=Cc1ccccc1)=C1c2cc(O)ccc2C(=O)N1c1ccccc1,29
O=CN(C=C1C=C(c2ccccc2)C(=O)NC1=O)c1ccccc1,24
O=C1NCc2ccccc21,10
O,1
O=CNc1ccccc1,9
O=C1NC(=C2[NH+]=C(c3ccccc3)[N+](=O)c3ccccc32)C(=O)N1c1ccccc1,30
O=C1NC(=O)C(=C2[NH+]=C(c3ccccc3)[N+](=O)c3ccccc32)N1,24
O=C(Nc1ccccc1)N(O)C=C1c2ccccc2[N+](=O)C(c2ccccc2Br)=[N+]1[O-],31
O=[N+]1C(c2ccccc2)=[NH+]Cc2ccccc21,17
CN1C(=O)NC(=C2[NH+]=C(c3ccccc3)[N+](=O)c3ccccc32)C1=O,25
O=C1CNC(=O)N1,7
O=C1N(O)C(=C2c3ccccc3[N+](=O)C(c3ccccc3Br)=[N+]2[O-])CN1c1ccccc1,32
Cc1ccccc1,7
O=[N+]C(c1ccccc1Br)=[N+]([O-])C=C1C(=O)N(c2ccccc2)C(=O)N1O,27
O=C1CNC(=O)N1c1ccccc1,13
CN1C(=O)CNC1=O,8
Br,1
O=C1C(=C2c3ccccc3[N+](=O)C(c3ccccc3Br)=[N+]2[O-])N(O)C(=O)N1c1ccccc1,33
Brc1ccccc1,7
O=C1CN(O)C(=O)N1c1ccccc1,14
C,1
c1ccccc1,6
[O-],1
O=CN(O)C=C1c2ccccc2[N+](=O)C(c2ccccc2Br)=[N+]1[O-],24
O=C1NC(=O)C(=C2[NH+]=C[N+](=O)c3ccccc32)N1,18
O=[N+](C(=[N+][O-])c1ccccc1Br)c1ccccc1,18
O=[N+]1C=[NH+]Cc2ccccc21,11
O=[N+]1C(c2ccccc2Br)=[N+]([O-])Cc2ccccc21,19
O=[N+]C(=[N+][O-])c1ccccc1Br,12
c1ccccc1,6
O=CN(Cc1ccccc1)c1ccccc1,16
O=C1C2=C[N+](=O)OC2=C(c2ccccc2)N1c1ccccc1,22
O,1
O=[N+]1OC2=C(c3ccccc3)N(c3ccccc3)CC2=C1c1ccccc1,27
O=[N+]1OC(=C(Nc2ccccc2)c2ccccc2)C=C1c1ccccc1,26
O=[N+](O)Cc1ccccc1,10
O=[N+]1OC(=Cc2ccccc2)C=C1c1ccccc1,19
c1ccc(CNc2ccccc2)cc1,14
O=[N+]O,3
O=[N+]OC1=C(c2ccccc2)N(c2ccccc2)C(=O)C1,21
O=C1C2=C(c3ccccc3)[N+](=O)OC2=C(c2ccccc2)N1c1ccccc1,28
O=C1NC(c2ccccc2)=C2O[N+](=O)C(c3ccccc3)=C12,22
C,1
Cc1ccccc1,7
O,1
O=C1NC(=O)C(=C2[NH+]=C(c3ccccc3)[N+](=O)c3ccccc32)N1,24
O=[N+]1C(c2ccccc2)=[NH+]Cc2ccccc21,17
CN1C(=O)NC(=C2[NH+]=C(c3ccccc3)[N+](=O)c3ccccc32)C1=O,25
O=C1CNC(=O)N1,7
Cc1ccccc1,7
CN1C(=O)NC(=O)C1=C1[NH+]=C(c2ccccc2)[N+](=O)c2ccccc21,25
CN1C(=O)CNC1=O,8
O=C1NC(=O)N(Cc2ccccc2)C1=C1[NH+]=C(c2ccccc2)[N+](=O)c2ccccc21,31
O=C1NC(=O)N(Cc2ccccc2)C1=C1c2ccc(Cl)cc2[N+](=O)C(c2ccccc2)=[N+]1[O-],33
C,1
c1ccccc1,6
[O-],1
Cl,1
O=[N+]C(=[N+][O-])c1ccccc1,11
O=C1NC(=O)C(=C2[NH+]=C[N+](=O)c3ccccc32)N1,18
CN1C(=O)C(=C[N+]([O-])=C([N+]=O)c2ccccc2)N(Cc2ccccc2)C1=O,27
CN1CC(=O)N(C)C1=O,9
O=[N+]1C=[NH+]Cc2ccccc21,11
CN1C(=O)C(=C([N+][O-])c2ccc(Cl)cc2)N(Cc2ccccc2)C1=O,25
CN1CC(=O)NC1=O,8
CN1C(=O)C(=C2c3ccc(Cl)cc3[N+](=O)C(c3ccccc3)=[N+]2[O-])N(Cc2ccccc2)C1=O,34
O=C1CN(Cc2ccccc2)C(=O)N1,14
O=CN(C=C1c2ccc(Cl)cc2[N+](=O)C(c2ccccc2)=[N+]1[O-])Cc1ccccc1,30
O=[N+]1C(c2ccccc2)=[N+]([O-])Cc2ccc(Cl)cc21,19
O=[N+](C(=[N+][O-])c1ccccc1)c1cccc(Cl)c1,18
CN1C(=O)CN(Cc2ccccc2)C1=O,15
O=C(C=c1[nH]c(=Cc2ccccc2Cl)[n+](=O)c(-c2ccc(F)cc2F)[n+]1[O-])Nc1ccccc1,34
O,1
Fc1cccc(F)c1,8
O=C1NC(=O)C(=c2[nH]c(=Cc3ccccc3Cl)[n+](=O)c(-c3ccc(F)cc3F)[n+]2[O-])C(=O)O1,33
O=C1OC(=O)N(c2ccccc2)C(=O)C1=c1[nH]c(=Cc2ccccc2Cl)[n+](=O)c(-c2ccc(F)cc2F)[n+]1[O-],39
Cc1ccccc1,7
C,1
c1ccccc1,6
Cl,1
[O-],1
O=C1CC(=O)OC(=O)N1,9
Clc1ccccc1,7
O=C1OCC(=c2[nH]c(=Cc3ccccc3Cl)[n+](=O)c(-c3ccc(F)cc3F)[n+]2[O-])C(=O)N1c1ccccc1,38
F,1
O=C1OC(=O)N(c2ccccc2)C(=O)C1=c1[nH]c(=Cc2ccccc2)[n+](=O)c[nH+]1,29
O=C1OC(=O)N(c2ccccc2)C(=O)C1=c1[nH]c(=Cc2ccccc2)[n+](=O)c(-c2ccccc2)[nH+]1,35
O=C1NC(=O)C(=c2[nH]c(=Cc3ccccc3)[n+](=O)c(-c3ccccc3)[nH+]2)C(=O)O1,29
O=COC(=O)N(C=O)c1ccccc1,14
CN1C(=O)CC(=O)OC1=O,10
O=CC(C(=O)O)=c1[nH]c(=Cc2ccccc2Cl)[n+](=O)c(-c2ccc(F)cc2F)[n+]1[O-],30
O=C1NC(=O)C(=c2[nH]c(=Cc3ccccc3)[n+](=O)c[nH+]2)C(=O)O1,23
O=COC(=O)C(C=O)=c1[nH]c(=Cc2ccccc2Cl)[n+](=O)c(-c2ccc(F)cc2F)[n+]1[O-],32
O=C(O)N(C(=O)C=c1[nH]c(=Cc2ccccc2Cl)[n+](=O)c(-c2ccc(F)cc2F)[n+]1[O-])c1ccccc1,37
O,1
Fc1ccccc1,7
O=[N+]1C(c2ccccc2)=[NH+]Cc2ccccc21,17
O=[N+]C(c1ccccc1F)=[N+]([O-])C=C1C(=O)N(c2ccccc2)N(c2ccccc2)[N+]1=O,32
O=C1C(=C2[NH+]=C(c3ccccc3)[N+](=O)c3ccccc32)[N+](=O)N(c2ccccc2)N1c1ccccc1,36
O=[N+]1C(c2ccccc2F)=[N+]([O-])C(=C[N+](=O)N(Nc2ccccc2)c2ccccc2)c2ccccc21,36
Cc1ccccc1,7
c1ccc(NNc2ccccc2)cc1,14
O=[N+](C=C1c2ccccc2[N+](=O)C(c2ccccc2F)=[N+]1[O-])Nc1ccccc1,29
C,1
c1ccccc1,6
O=C1C(=C2c3ccccc3[N+](=O)C(c3ccccc3F)=[N+]2[O-])[N+](=O)N(c2ccccc2)N1c1ccccc1,38
[O-],1
O=C1C[N+](=O)N(c2ccccc2)N1c1ccccc1,19
O=C1C[N+](=O)N(c2ccccc2)N1,13
O=[N+]C(=[N+][O-])c1ccccc1F,12
F,1
O=[N+]1C(c2ccccc2F)=[N+]([O-])C(=C2CN(c3ccccc3)N(c3ccccc3)[N+]2=O)c2ccccc21,37
O=[N+]1C=[NH+]Cc2ccccc21,11
O=[N+](C(=[N+][O-])c1ccccc1F)c1ccccc1,18
O=C1NN(c2ccccc2)[N+](=O)C1=C1[NH+]=C(c2ccccc2)[N+](=O)c2ccccc21,30
O=[N+]1C(c2ccccc2F)=[N+]([O-])Cc2ccccc21,19
c1ccccc1,6
O=C1Oc2ccccc2C1=C1[N+](=O)c2ccccc2C(Cl)=[N+]1[O-],23
Cl,1
O=[N+]1C(=Cc2ccccc2O)[N+]([O-])=C(Cl)c2ccccc21,21
O,1
[O-],1
C=C1[N+](=O)c2ccccc2C(Cl)=[N+]1[O-],14
O=C1Oc2ccccc2C1=C1[NH+]=Cc2ccccc2[N+]1=O,21
O=CO,3
O=[N+]1C[N+]([O-])=C(Cl)c2ccccc21,13
O=C(O)C=C1[N+](=O)c2ccccc2C(Cl)=[N+]1[O-],17
O=[N+]1C(=C2COc3ccccc32)[N+]([O-])=C(Cl)c2ccccc21,22
O=[N+]c1ccccc1C(Cl)=[N+][O-],12
C,1
O=CC=C1[N+](=O)c2ccccc2C(Cl)=[N+]1[O-],16
Cc1ccccc1,7
CN1C(=O)C(=CN(C(=O)[N+]=O)c2ccc(Cl)cc2Cl)[N+]([O-])=C1c1ccccc1,28
O,1
CN1C(=O)C(=C2c3ccccc3[N+](=O)C(=O)N2c2ccc(Cl)cc2Cl)[N+]([O-])=C1c1ccccc1,34
Cc1ccccc1,7
O=C(Nc1ccc(Cl)cc1Cl)[N+](=O)c1ccccc1,19
O=CC([N+][O-])=C1c2ccccc2[N+](=O)C(=O)N1c1ccc(Cl)cc1Cl,25
O=C1N(c2ccc(Cl)cc2Cl)Cc2ccccc2[N+]1=O,20
O=C1NC(c2ccccc2)=[NH+]C1=C1NC(=O)[N+](=O)c2ccccc21,24
O=C1NC(c2ccccc2)=[NH+]C1=C1c2ccccc2[N+](=O)C(=O)N1c1ccccc1,30
O=C1NC(c2ccccc2)=[N+]([O-])C1=C1c2ccccc2[N+](=O)C(=O)N1c1ccc(Cl)cc1Cl,33
C,1
c1ccccc1,6
[O-],1
Clc1cccc(Cl)c1,8
Cl,1
O=C1C[NH+]=C(c2ccccc2)N1,12
CN(C=O)C(=[N+][O-])c1ccccc1,13
CN1C(=O)C[N+]([O-])=C1c1ccccc1,14
O=C1N(c2ccccc2)Cc2ccccc2[N+]1=O,18
O=C1N(c2ccc(Cl)cc2Cl)C(=C[N+]([O-])=Cc2ccccc2)c2ccccc2[N+]1=O,30
O=[N+]C(=O)Nc1ccc(Cl)cc1Cl,13
O=C1C[NH+]=CN1,6
O=C1NCc2ccccc2[N+]1=O,12
O,1
O=C1CNC(=O)O1,7
O=C1NC(=C2c3ccccc3[N+](=O)C(=O)N2c2ccccc2)C(=O)O1,25
O=C1CN(Cc2ccccc2)C(=O)O1,14
Cc1ccccc1,7
O=COC(=O)NCc1ccccc1,13
CN1C(=O)OC(=O)C1=C1c2ccccc2[N+](=O)C(=O)N1c1ccccc1,26
C,1
O=C1OC(=O)N(Cc2ccccc2)C1=C1NC(=O)[N+](=O)c2ccccc21,26
c1ccccc1,6
CN1CC(=O)OC1=O,8
O=C1N(c2ccccc2)C(=CNCc2ccccc2)c2ccccc2[N+]1=O,27
O=COC(=O)C=C1c2ccccc2[N+](=O)C(=O)N1c1ccccc1,24
O=C1NC(=C2NC(=O)[N+](=O)c3ccccc32)C(=O)O1,19
O=C1OC(=O)N(Cc2ccccc2)C1=C1c2ccccc2[N+](=O)C(=O)N1c1ccccc1,32
O=C1N(c2ccccc2)Cc2ccccc2[N+]1=O,18
O=C1OCC(=C2c3ccccc3[N+](=O)C(=O)N2c2ccccc2)N1Cc1ccccc1,31
O=C(O)N(C=C1c2ccccc2[N+](=O)C(=O)N1c1ccccc1)Cc1ccccc1,30
CN1C(=O)OC(=O)C1=C1NC(=O)[N+](=O)c2ccccc21,20
O=C(Nc1ccccc1)[N+](=O)c1ccccc1,17
O=C1NCc2ccccc2[N+]1=O,12
c1ccccc1,6
[O-],1
O,1
O=C1C=[NH+]C(=C2c3ccccc3[N+](=O)[BH2-]n3cccc32)O1,21
O=[N+]([O-])c1ccc2c(c1)Cc1cccn1[B-](F)(F)[N+]2=O,20
O=[N+][B-](F)(F)n1cccc1,10
O=[N+]([O-])c1ccc2c(c1)C(=C1OCC(Br)=[N+]1[O-])c1cccn1[B-](F)(F)[N+]2=O,27
O=[N+][O-],3
O=[N+]([O-])c1ccc2c(c1)C(=C(O)[N+]([O-])=CBr)c1cccn1[B-](F)(F)[N+]2=O,26
O=[N+][B-](F)(F)n1cccc1C=C1OC(=O)C(Br)=[N+]1[O-],19
Br,1
O=C1OC[N+]([O-])=C1Br,8
[O-][N+]=CBr,4
F,1
O=C1OC(=C2c3cc([N+](=O)[O-])ccc3[N+](=O)[B-](F)(F)n3cccc32)[N+]([O-])=C1Br,28
C,1
Cc1ccccc1,7
Cc1ccc(F)cc1,8
O=C1NC(=O)N(Cc2ccccc2)C(=O)C1=C1[NH+]=C(c2ccccc2)[N+](=O)c2ccccc21,33
O=C1NCC(=C2c3ccccc3[N+](=O)C(c3ccc(F)cc3)=[N+]2[O-])C(=O)N1Cc1ccc(F)cc1,35
O,1
O=C1CC(=O)N(Cc2ccc(F)cc2)C(=O)N1,17
Fc1ccccc1,7
O=[N+]1C(c2ccccc2)=[NH+]Cc2ccccc21,17
O=[N+]1C(c2ccc(F)cc2)=[N+]([O-])Cc2ccccc21,19
O=[N+](C(=[N+][O-])c1ccc(F)cc1)c1ccccc1,18
Cc1ccccc1,7
O=C1NC(=O)C(=C2[NH+]=C(c3ccccc3)[N+](=O)c3ccccc32)C(=O)N1,26
O=C1NC(=O)N(Cc2ccc(F)cc2)C(=O)C1=C1c2ccccc2[N+](=O)C(c2ccc(F)cc2)=[N+]1[O-],36
C,1
O=C1CC(=O)N(Cc2ccccc2)C(=O)N1,16
c1ccccc1,6
[O-],1
O=CNC(=O)C(C=O)=C1c2ccccc2[N+](=O)C(c2ccc(F)cc2)=[N+]1[O-],27
O=C1NC(=O)C(=C2c3ccccc3[N+](=O)C(c3ccc(F)cc3)=[N+]2[O-])C(=O)N1,28
F,1
O=[N+]1C=[NH+]Cc2ccccc21,11
O=C1CC(=O)NC(=O)N1,9
CN1C(=O)NC(=O)C(=C2c3ccccc3[N+](=O)C(c3ccc(F)cc3)=[N+]2[O-])C1=O,29
O=C(C=C1c2ccccc2[N+](=O)C(c2ccc(F)cc2)=[N+]1[O-])NCc1ccc(F)cc1,31
CN1C(=O)CC(=O)NC1=O,10
NC(=O)N(Cc1ccc(F)cc1)C(=O)C=C1c2ccccc2[N+](=O)C(c2ccc(F)cc2)=[N+]1[O-],34
CN1C(=O)NC(=O)C(=C2[NH+]=C(c3ccccc3)[N+](=O)c3ccccc32)C1=O,27
Nc1cnc(Cl)cc1C=C1c2cc(Br)ccc2[N+](=O)C(=O)N1[O-],23
O,1
NC(=O)C=C1c2cc(Br)ccc2[N+](=O)C(=O)N1[O-],18
O=C1Nc2cnccc2C1=C1NC(=O)[N+](=O)c2ccccc21,22
O=[N+]C(=O)N[O-],6
O=C1Nc2cnc(Cl)cc2C1=C1c2cc(Br)ccc2[N+](=O)C(=O)N1[O-],25
Cc1ccccc1,7
O=C(N[O-])[N+](=O)c1ccc(Br)cc1,13
Cc1ccncc1,7
c1ccncc1,6
O=CC=C1c2cc(Br)ccc2[N+](=O)C(=O)N1[O-],17
O=CNc1ccc(Cl)nc1,10
Br,1
C,1
O=C1Cc2ccncc2N1,10
c1ccccc1,6
[O-],1
Cl,1
O=C1N([O-])C(=C2CNc3cnc(Cl)cc32)c2cc(Br)ccc2[N+]1=O,24
NC=O,3
O=C1N([O-])Cc2cc(Br)ccc2[N+]1=O,14
O=C1Cc2cc(Cl)ncc2N1,11
C=C1c2cc(Br)ccc2[N+](=O)C(=O)N1[O-],15
O=[N+]C(=O)N([O-])C=C1C(=O)Nc2cnc(Cl)cc21,18
O=C1NCc2ccccc2[N+]1=O,12
O,1
O=[N+]C(=O)N[O-],6
CN1C(=O)NC(=O)C1=C1NC(=O)[N+](=O)c2ccccc21,20
O=C1CNC(=O)N1,7
CN(C=O)C(=O)NCc1ccccc1,14
Cc1ccccc1,7
CN1C(=O)CNC1=O,8
CN1C(=O)C(=C2c3ccc(Cl)cc3[N+](=O)C(=O)N2[O-])N(Cc2ccccc2)C1=O,29
C,1
O=C(N[O-])[N+](=O)c1cccc(Cl)c1,13
c1ccccc1,6
[O-],1
Cl,1
O=C1NC(=O)N(Cc2ccccc2)C1=C1c2ccc(Cl)cc2[N+](=O)C(=O)N1[O-],28
O=C1NC(=O)N(Cc2ccccc2)C1=C1NC(=O)[N+](=O)c2ccccc21,26
O=C1N([O-])Cc2ccc(Cl)cc2[N+]1=O,14
CN1CC(=O)N(C)C1=O,9
CN1CC(=O)NC1=O,8
O=C1NC(=O)C(=C2NC(=O)[N+](=O)c3ccccc32)N1,19
CN1C(=O)C(=CN[O-])N(Cc2ccccc2)C1=O,18
O=C1CN(Cc2ccccc2)C(=O)N1,14
O=CN(C=C1c2ccc(Cl)cc2[N+](=O)C(=O)N1[O-])Cc1ccccc1,25
CN1C(=O)C(=CN([O-])C(=O)[N+]=O)N(Cc2ccccc2)C1=O,22
O=C1NCc2ccccc2[N+]1=O,12
CN1C(=O)CN(Cc2ccccc2)C1=O,15
O=C1CON=C1c1ccc(F)cc1,13
O,1
O=C1C(c2ccc(F)cc2)=NOC1=C1c2ccccc2C(c2ccc(Br)cc2)=[N+]1[O-],30
NOC(C=O)=C1c2ccccc2C(c2ccc(Br)cc2)=[N+]1[O-],22
NOC=C1c2ccccc2C(c2ccc(Br)cc2)=[N+]1[O-],20
[O-][N+]1=C(c2ccc(Br)cc2)c2ccccc2C1,17
c1ccc(C2=[NH+]Cc3ccccc32)cc1,15
O=C1C(c2ccccc2)=NOC1=C1[NH+]=C(c2ccccc2)c2ccccc21,27
[O-][N+]1=C(c2ccc(Br)cc2)c2ccccc2C1=C1CC(c2ccc(F)cc2)=NO1,29
Cc1ccccc1,7
O=CC(=NO)c1ccc(F)cc1,12
Br,1
Brc1ccccc1,7
C,1
c1ccccc1,6
[O-],1
[O-][N+]1=C(c2ccc(Br)cc2)c2ccccc2C1=CON=Cc1ccc(F)cc1,28
O=C1C=NOC1=C1c2ccccc2C(c2ccc(Br)cc2)=[N+]1[O-],23
F,1
O=C1CON=C1c1ccccc1,12
C1=[NH+]Cc2ccccc21,9
O=[N+]1C=CC(=C2c3ccccc3[N+](=O)C(c3ccccc3Br)=[N+]2[O-])C=C1,26
O,1
O=[N+]1C(c2ccccc2)=[NH+]Cc2ccccc21,17
CC(C=C[N+]=O)=C1c2ccccc2[N+](=O)C(c2ccccc2Br)=[N+]1[O-],25
CC(C)=C1c2ccccc2[N+](=O)C(c2ccccc2Br)=[N+]1[O-],22
Cc1ccccc1,7
O=[N+]1C=CCC=C1,7
Br,1
Brc1ccccc1,7
C,1
c1ccccc1,6
[O-],1
O=[N+]1C(c2ccccc2Br)=[N+]([O-])C(=C2C=C[N+]C=C2)c2ccccc21,25
O=[N+]1C=CC(=C([N+][O-])c2ccccc2)C=C1,16
O=[N+]1C=CC(=C2[NH+]=C(c3ccccc3)[N+](=O)c3ccccc32)C=C1,24
O=[N+]1C=[NH+]Cc2ccccc21,11
O=[N+]1C(c2ccccc2Br)=[N+]([O-])Cc2ccccc21,19
O=[N+]C(=[N+][O-])c1ccccc1Br,12
O=[N+]C(c1ccccc1Br)=[N+]([O-])C=C1C=C[N+](=O)C=C1,20
O=C1CN(c2ccccc2)C(=O)N1Cc1ccccc1,20
O,1
O=CN(C=O)Cc1ccccc1,12
O=[N+]C(=O)[N+]=O,6
O=[N+]C(=O)[N+](=O)C=C1C(=O)N(Cc2ccccc2)C(=O)N1c1ccccc1,27
CN1C(=O)NC(=O)C1=C1NC(=O)[N+](=O)c2ccccc21,20
O=C1CNC(=O)N1,7
O=C1CN(c2ccccc2)C(=O)N1,13
Cc1ccccc1,7
O=C1C(=C2c3ccccc3[N+](=O)C(=O)[N+]2=O)N(c2ccccc2)C(=O)N1Cc1ccccc1,33
O=[N+]C(=O)[N+](=O)c1ccc(Cl)cc1,13
O=C1NC(=O)N(c2ccccc2)C1=C1c2ccccc2[N+](=O)C(=O)[N+]1=O,26
CN1C(=O)CNC1=O,8
O=C1NC(=C2c3ccccc3[N+](=O)C(=O)[N+]2=O)C(=O)N1Cc1ccccc1,27
C,1
O=C(NCc1ccccc1)N(C=C1c2cc(Cl)ccc2[N+](=O)C(=O)[N+]1=O)c1ccccc1,32
O=C1C(=C2c3cc(Cl)ccc3[N+](=O)C(=O)[N+]2=O)N(c2ccccc2)C(=O)N1Cc1ccccc1,34
c1ccccc1,6
Cl,1
CN1C(=O)C(=C2c3ccccc3[N+](=O)C(=O)[N+]2=O)N(c2ccccc2)C1=O,27
O=C1CNC(=O)N1Cc1ccccc1,14
CN1CC(=O)N(Cc2ccccc2)C1=O,15
CN1CC(=O)N(C)C1=O,9
O=CN(Cc1ccccc1)C(=O)Nc1ccccc1,19
CN1CC(=O)NC1=O,8
O=C1[N+](=O)Cc2ccccc2[N+]1=O,13
O=C1NC(=O)C(=C2NC(=O)[N+](=O)c3ccccc32)N1,19
CN1C(=O)NC(=C2c3ccccc3[N+](=O)C(=O)[N+]2=O)C1=O,21
O=C1[N+](=O)Cc2cc(Cl)ccc2[N+]1=O,14
O=C1NC(=O)C(=C2c3ccccc3[N+](=O)C(=O)[N+]2=O)N1,20
CN1C(=O)CN(c2ccccc2)C1=O,14
O=CNCc1ccccc1,10
O=C1NCc2ccccc2[N+]1=O,12
O=C1N(Cc2ccccc2)CC(=C2c3cc(Cl)ccc3[N+](=O)C(=O)[N+]2=O)N1c1ccccc1,33
O,1
O=[N+]1C(c2ccc(F)cc2)=[N+]([O-])C(=CNc2ccccn2)c2ccc(Cl)cc21,28
O=[N+]1C(c2ccc(F)cc2)=[N+]([O-])C(=Cc2ccccc2)c2ccc(Cl)cc21,27
Fc1ccccc1,7
O=[N+]1C(c2ccccc2)=[NH+]Cc2ccccc21,17
Cc1ccccc1,7
c1ccncc1,6
O=[N+]1C(c2ccc(F)cc2)=[N+]([O-])C(=C2c3ccccc3CN2c2ccccn2)c2ccc(Cl)cc21,35
O=CN(C=C1c2ccc(Cl)cc2[N+](=O)C(c2ccc(F)cc2)=[N+]1[O-])c1ccccn1,30
O=[N+]1C(c2ccc(F)cc2)=[N+]([O-])Cc2ccc(Cl)cc21,20
O=C1c2ccccc2CN1c1ccccn1,16
C,1
c1ccccc1,6
[O-],1
Cl,1
O=C1c2ccccc2C(=C2[NH+]=C(c3ccccc3)[N+](=O)c3ccccc32)N1c1ccccn1,33
O=C1NC(=C2[NH+]=C(c3ccccc3)[N+](=O)c3ccccc32)c2ccccc21,27
O=[N+]1C(c2ccc(F)cc2)=[N+]([O-])C(=C(Nc2ccccn2)c2ccccc2)c2ccc(Cl)cc21,34
F,1
O=[N+]1C=[NH+]Cc2ccccc21,11
O=C1NCc2ccccc21,10
O=[N+](C(=[N+][O-])c1ccc(F)cc1)c1cccc(Cl)c1,19
O=C1c2ccccc2C(=C2c3ccc(Cl)cc3[N+](=O)C(c3ccc(F)cc3)=[N+]2[O-])N1c1ccccn1,36
O=C1NC(=C2c3ccc(Cl)cc3[N+](=O)C(c3ccc(F)cc3)=[N+]2[O-])c2ccccc21,30
O=C1OC(=O)[N+](=C2C(=O)N(c3ccccc3)N=C2c2ccccc2)C1=C1COc2ccccc2C1=O,36
O,1
O=C1CNC(=O)O1,7
O=C1CC(=O)c2ccccc2O1,12
O=CC=C1C(=O)OC(=O)[N+]1=C1C(=O)N(c2ccccc2)N=C1c1ccccc1,28
O=CN(N=Cc1ccccc1)c1ccccc1,17
Cc1ccccc1,7
O=C1Oc2ccccc2C(=O)C1=C1C(=O)OC(=O)[N+]1=C1C(=O)N(c2ccccc2)N=C1c1ccccc1,37
O=C1C[N+](=C2C(=O)NN=C2c2ccccc2)C(=O)O1,19
O=C(O)C=C1C(=O)OC(=O)[N+]1=C1C(=O)N(c2ccccc2)N=C1c1ccccc1,29
O=COC(=O)C=C1C(=O)Oc2ccccc2C1=O,18
O=C1NN=C(c2ccccc2)C1=[N+]1C(=O)OC(=O)C1=C1C(=O)Oc2ccccc2C1=O,31
C,1
O=COC(=O)[N+]=C1C(=O)N(c2ccccc2)N=C1c1ccccc1,24
c1ccccc1,6
O=C1C[N+](=C2C(=O)N(c3ccccc3)N=C2c2ccccc2)C(=O)O1,25
O=COc1ccccc1C=O,11
O=CC(C=O)=C1C(=O)OC(=O)[N+]1=C1C(=O)N(c2ccccc2)N=C1c1ccccc1,30
O=C1CC(c2ccccc2)=NN1c1ccccc1,18
O=CC(C(=O)O)=C1C(=O)OC(=O)[N+]1=C1C(=O)N(c2ccccc2)N=C1c1ccccc1,31
O=C1OC(=O)[N+](=C2C(=O)N(c3ccccc3)N=C2c2ccccc2)C1=CC(=O)c1ccccc1O,35
O=CNBr,4
O,1
O=[N+]1C[N+]([O-])=C(c2ccccc2F)[N+](=O)c2ccc(Cl)cc21,22
O=C(NBr)N(C=C1[N+](=O)c2cc(Cl)ccc2[N+](=O)C(c2ccccc2F)=[N+]1[O-])c1ccccc1Cl,35
O=C1CNC(=O)N1,7
O=C1CN(c2ccccc2)C(=O)N1,13
Cc1ccccc1,7
O=C1NC(=O)C(=C2[NH+]=C(c3ccccc3)[N+](=O)c3ccccc3[N+]2=O)N1,26
O=CN(Br)C=O,6
O=[N+]c1ccc(Cl)cc1[N+](=O)C([N+][O-])=C1C(=O)N(Br)C(=O)N1c1ccccc1Cl,29
Br,1
C,1
c1ccccc1,6
[O-],1
Cl,1
O=C1N(Br)CC(=C2[N+](=O)c3cc(Cl)ccc3[N+](=O)C(c3ccccc3F)=[N+]2[O-])N1c1ccccc1Cl,36
O=C1NC(=O)N(c2ccccc2)C1=C1[NH+]=C(c2ccccc2)[N+](=O)c2ccccc2[N+]1=O,32
Clc1ccccc1,7
O=[N+]C(=C1C(=O)N(Br)C(=O)N1c1ccccc1Cl)[N+]([O-])=C([N+]=O)c1ccccc1F,30
O=C1C(=C2[N+](=O)c3cc(Cl)ccc3[N+](=O)C(c3ccccc3F)=[N+]2[O-])N(c2ccccc2Cl)C(=O)N1Br,37
F,1
CN1CC(=O)NC1=O,8
O=[N+]C(c1ccccc1F)=[N+]([O-])C=C1C(=O)N(Br)C(=O)N1c1ccccc1Cl,28
O=[N+]c1cc(Cl)ccc1[N+](=O)C(=[N+][O-])c1ccccc1F,21
O=C1NCC(=[N+]([O-])c2ccccc2[N+](=O)[O-])c2ccccc21,22
O,1
O=[N+]([O-])c1ccccc1[N+][O-],11
Cc1ccccc1,7
O=C1NC(=O)c2ccccc2C1=[NH+]c1ccccc1,19
O=C1NC(=O)c2ccccc2C1=[N+]([O-])c1ccccc1[N+](=O)[O-],23
C,1
c1ccccc1,6
[O-],1
O=[N+][O-],3
NC=O,3
NC(=O)c1ccccc1C=[N+]([O-])c1ccccc1[N+](=O)[O-],21
O=CNC(=O)C=[N+]([O-])c1ccccc1[N+](=O)[O-],17
O=[N+]([O-])c1ccccc1,9
O=[N+]([O-])c1ccccc1[N+]([O-])=Cc1ccccc1,18
NC(=O)C=[N+]([O-])c1ccccc1[N+](=O)[O-],15
[O-][N+]1=C(c2ccc(F)cc2)c2cc(F)ccc2C1,18
O,1
[O-][N+]=Cc1ccc(F)cc1,10
Fc1ccccc1,7
O=C1C(=C2c3ccc(F)cc3C(c3ccc(F)cc3)=[N+]2[O-])N(c2ccc(F)cc2)C(=O)N1c1ccccn1,38
O=C1CNC(=O)N1,7
O=C1CN(c2ccccc2)C(=O)N1,13
c1ccc(C2=[NH+]Cc3ccccc32)cc1,15
Cc1ccccc1,7
c1ccncc1,6
O=C1C(=C2[NH+]=C(c3ccccc3)c3ccccc32)N(c2ccccc2)C(=O)N1c1ccccn1,34
CN1C(=O)CNC1=O,8
O=C1NC(=O)N(c2ccccc2)C1=C1[NH+]=C(c2ccccc2)c2ccccc21,28
C,1
O=CNc1ccccn1,9
c1ccccc1,6
[O-],1
O=C1CN(c2ccccc2)C(=O)N1c1ccccn1,19
CN1C(=O)CN(c2ccccc2)C1=O,14
O=C1NC(=O)C(=C2[NH+]=C(c3ccccc3)c3ccccc32)N1,22
O=C1N(c2ccccn2)CC(=C2c3ccc(F)cc3C(c3ccc(F)cc3)=[N+]2[O-])N1c1ccc(F)cc1,37
F,1
O=CN(C=C1c2ccc(F)cc2C(c2ccc(F)cc2)=[N+]1[O-])c1ccc(F)cc1,29
O=C1CNC(=O)N1c1ccccn1,13
O=CN(C(=O)Nc1ccc(F)cc1)c1ccccn1,19
CN1CC(=O)N(C)C1=O,9
CN1CC(=O)NC1=O,8
O=C1NC(=C2[NH+]=C(c3ccccc3)c3ccccc32)C(=O)N1c1ccccn1,28
O=C1NC(=O)C(=C2[NH+]=Cc3ccccc32)N1,16
O=C(Nc1ccccn1)N(C=C1c2ccc(F)cc2C(c2ccc(F)cc2)=[N+]1[O-])c1ccc(F)cc1,36
[O-][N+]=C(c1ccc(F)cc1)c1cccc(F)c1,17
C1=[NH+]Cc2ccccc21,9
O=C1CN(c2ccc(F)cc2)C(=O)N1c1ccccn1,20
O=C1C(=C[N+]([O-])=Cc2ccc(F)cc2)N(c2ccc(F)cc2)C(=O)N1c1ccccn1,31
O=C1NC(=O)N(c2ccc(F)cc2)C1=C1c2ccc(F)cc2C(c2ccc(F)cc2)=[N+]1[O-],32
O,1
CN1C(=O)NC(=C2c3ccc(Cl)cc3[N+](=O)C(c3ccccc3Cl)=[N+]2[O-])C1=O,28
O=[N+]C(=[N+][O-])c1ccccc1Cl,12
O=C1NC(=O)C(=C2[NH+]=C(c3ccccc3)[N+](=O)c3ccccc32)N1,24
O=C1NC(=O)C(=C2c3ccc(Cl)cc3[N+](=O)C(c3ccccc3Cl)=[N+]2[O-])N1,27
O=[N+]1C(c2ccccc2)=[NH+]Cc2ccccc21,17
CN1C(=O)NC(=C2[NH+]=C(c3ccccc3)[N+](=O)c3ccccc32)C1=O,25
O=[N+]C(c1ccccc1Cl)=[N+]([O-])C=C1NC(=O)N(Cc2ccncc2)C1=O,27
O=CNCc1ccncc1,10
O=C1CNC(=O)N1,7
Cc1ccccc1,7
O=C1NC(=C2c3ccc(Cl)cc3[N+](=O)C(c3ccccc3Cl)=[N+]2[O-])C(=O)N1Cc1ccncc1,34
O=C1CNC(=O)N1Cc1ccncc1,14
O=[N+](C(=[N+][O-])c1ccccc1Cl)c1cccc(Cl)c1,19
Cc1ccncc1,7
c1ccncc1,6
O=C1NC(=C2[NH+]=C(c3ccccc3)[N+](=O)c3ccccc32)C(=O)N1Cc1ccncc1,31
CN1C(=O)CNC1=O,8
C,1
c1ccccc1,6
[O-],1
Cl,1
O=[N+]1C(c2ccccc2Cl)=[N+]([O-])Cc2ccc(Cl)cc21,20
Clc1ccccc1,7
O=C1NC(=O)C(=C2[NH+]=C[N+](=O)c3ccccc32)N1,18
O=[N+]1C=[NH+]Cc2ccccc21,11
O=C1C(=C2c3ccc(Cl)cc3[N+](=O)C(c3ccccc3Cl)=[N+]2[O-])NCN1Cc1ccncc1,33
O=C1NC(=C([N+][O-])c2ccc(Cl)cc2)C(=O)N1Cc1ccncc1,24
NC(C(=O)NCc1ccncc1)=C1c2ccc(Cl)cc2[N+](=O)C(c2ccccc2Cl)=[N+]1[O-],32
O,1
Nc1cccc(Cl)c1,8
Cc1ccccc1,7
CNc1cccc(Cl)c1,9
C,1
c1ccccc1,6
[O-],1
Cl,1
Clc1ccccc1,7
NC=c1c[n+]([O-])c(=Cc2ccc(Cl)cc2)c2ccccc2[n+]1=O,23
O=[n+]1c(=CNc2cccc(Cl)c2)c[n+]([O-])c(=Cc2ccc(Cl)cc2)c2ccccc21,30
O=[n+]1c(=CNc2ccccc2)c[nH+]c(=Cc2ccccc2)c2ccccc21,27
NC=c1c[nH+]c(=Cc2ccccc2)c2ccccc2[n+]1=O,21
O=[N+]c1ccccc1[N+](=O)C([N+][O-])=C1C(=O)N(Cc2ccccc2)C(=O)N1c1ccccc1,33
O=C1CN(c2ccccc2)C(=O)N1Cc1ccccc1,20
O,1
O=[N+]1C[N+]([O-])=C(c2ccccc2)[N+](=O)c2ccccc21,20
O=CN(C=O)Cc1ccccc1,12
O=C1CNC(=O)N1,7
O=C1CN(c2ccccc2)C(=O)N1,13
Cc1ccccc1,7
CN1C(=O)NC(=C2[NH+]=C(c3ccccc3)[N+](=O)c3ccccc3[N+]2=O)C1=O,27
O=C1NC(=O)C(=C2[NH+]=C(c3ccccc3)[N+](=O)c3ccccc3[N+]2=O)N1,26
CN1C(=O)C(=C2[NH+]=C(c3ccccc3)[N+](=O)c3ccccc3[N+]2=O)N(c2ccccc2)C1=O,33
O=[N+]C(c1ccccc1)=[N+]([O-])C=C1C(=O)N(Cc2ccccc2)C(=O)N1c1ccccc1,32
CN1C(=O)CNC1=O,8
O=C(NCc1ccccc1)N(C=C1[N+](=O)c2ccccc2[N+](=O)C(c2ccccc2)=[N+]1[O-])c1ccccc1,38
O=[N+]C(=C1C(=O)N(Cc2ccccc2)C(=O)N1c1ccccc1)[N+]([O-])=C([N+]=O)c1ccccc1,34
C,1
c1ccccc1,6
O=C1C(=C2[N+](=O)c3ccccc3[N+](=O)C(c3ccccc3)=[N+]2[O-])N(c2ccccc2)C(=O)N1Cc1ccccc1,40
O=C1N(Cc2ccccc2)CC(=C2[N+](=O)c3ccccc3[N+](=O)C(c3ccccc3)=[N+]2[O-])N1c1ccccc1,39
[O-],1
O=C1NC(=C2[NH+]=C(c3ccccc3)[N+](=O)c3ccccc3[N+]2=O)C(=O)N1Cc1ccccc1,33
O=C1C(=C2[NH+]=C(c3ccccc3)[N+](=O)c3ccccc3[N+]2=O)N(c2ccccc2)C(=O)N1Cc1ccccc1,39
O=C1NC(=O)N(c2ccccc2)C1=C1[NH+]=C(c2ccccc2)[N+](=O)c2ccccc2[N+]1=O,32
O=C1CNC(=O)N1Cc1ccccc1,14
CN1CC(=O)N(Cc2ccccc2)C1=O,15
CN1CC(=O)N(C)C1=O,9
O=[N+]c1ccccc1[N+](=O)C(=[N+][O-])c1ccccc1,19
CN1CC(=O)NC1=O,8
CN1C(=O)CN(c2ccccc2)C1=O,14
O=CNCc1ccccc1,10
O,1
CN1C(=O)Cc2ccccc21,11
CN1C(=O)C(=c2c(=O)n(C)c(=C([N+]=O)[N+]([O-])=Cc3ccccc3)n2[O-])c2ccccc21,31
CN1C(=O)C(=c2c(=O)n(C)c(=C3[N+](=O)c4ccccc4C(c4ccccc4)=[N+]3[O-])n2[O-])c2ccccc21,37
Cn1c(=O)c(=C2C(=O)Nc3ccccc32)n([O-])c1=C1[N+](=O)c2ccccc2C(c2ccccc2)=[N+]1[O-],36
O=[N+]c1ccccc1C(=[N+][O-])c1ccccc1,17
Cc1ccccc1,7
Cn1c(=O)c(=CC=O)n([O-])c1=C1[N+](=O)c2ccccc2C(c2ccccc2)=[N+]1[O-],29
C,1
c1ccccc1,6
O=C1Nc2ccccc2C1=c1[nH]c(=C2[NH+]=C(c3ccccc3)c3ccccc3[N+]2=O)[nH]c1=O,33
[O-],1
CNC=O,4
Cn1c(=O)c(=Cc2ccccc2)n([O-])c1=C1[N+](=O)c2ccccc2C(c2ccccc2)=[N+]1[O-],33
O=C1Cc2ccccc2N1,10
CN(C=O)c1ccccc1,10
O,1
O=C1[S+]=C(c2ccccc2Cl)C(=C2c3ccccc3[N+](=O)C=[N+]2[O-])N1c1ccccc1,31
O=[N+]1C(c2ccccn2)=[N+]([O-])C(=CC(=[S+])c2ccccc2Cl)c2ccccc21,28
O=[N+]1C(c2ccccn2)=[N+]([O-])Cc2ccccc21,18
O=C1NCC(c2ccccc2)=[S+]1,12
[S+]=Cc1ccccc1Cl,9
Cc1ccccc1,7
c1ccncc1,6
O=C1NC(=C2[NH+]=C(c3ccccn3)[N+](=O)c3ccccc32)C(c2ccccc2)=[S+]1,29
O=C1[S+]=CC(=C2c3ccccc3[N+](=O)C(c3ccccn3)=[N+]2[O-])N1c1ccccc1,30
O=[N+](C(=[N+][O-])c1ccccn1)c1ccccc1,17
C,1
c1ccccc1,6
[O-],1
Cl,1
O=[N+]c1ccccc1C([N+][O-])=C1C(c2ccccc2Cl)=[S+]C(=O)N1c1ccccc1,30
O=[N+]1C(c2ccccn2)=[N+]([O-])C(=C2C(c3ccccc3Cl)=[S+]CN2c2ccccc2)c2ccccc21,36
O=C1[S+]=C(c2ccccc2Cl)CN1c1ccccc1,19
O=[N+]1C(c2ccccn2)=[NH+]Cc2ccccc21,17
O=[N+]1C=[NH+]Cc2ccccc21,11
O=C1[S+]=C(c2ccccc2Cl)C(=C2c3ccccc3[N+](=O)C(c3ccccn3)=[N+]2[O-])N1c1ccccc1,37
O=[N+]1C(c2ccccn2)=[N+]([O-])C(=C(Nc2ccccc2)C(=[S+])c2ccccc2Cl)c2ccccc21,35
O=C([S+])N(C=C1c2ccccc2[N+](=O)C(c2ccccn2)=[N+]1[O-])c1ccccc1,29
Cc1ccccn1,7
O=C1[S+]=C(c2ccccc2)CN1c1ccccc1,18
O=C1[S+]=C(c2ccccc2)C(=C2[NH+]=C(c3ccccn3)[N+](=O)c3ccccc32)N1c1ccccc1,35
O,1
O=[N+]1c2ccccc2C(=C[N+](=O)[N+](=O)c2ccccc2)c2ccccc21,26
O=[N+]1c2ccccc2Cc2ccccc21,15
O=[N+]c1ccccc1,8
O=[N+]c1ccccc1C=C1C(=O)c2ccccc2[N+](=O)[N+]1=O,22
O=C1C(=C2c3ccccc3[N+](=O)c3ccccc32)[N+](=O)[N+](=O)c2ccccc21,28
Cc1ccccc1,7
O=[N+][N+](=O)C=C1c2ccccc2[N+](=O)c2ccccc21,20
O=[N+](c1ccccc1)c1ccccc1,14
O=[N+][N+]=O,4
O=[N+]1c2ccccc2C(=C2Cc3ccccc3[N+](=O)[N+]2=O)c2ccccc21,27
C,1
c1ccccc1,6
O=C1C[N+](=O)[N+](=O)c2ccccc21,13
O=Cc1ccccc1[N+](=O)[N+]=O,12
c1ccccc1,6
[N+]=O,2
Cl,1
O=C1N[N+](=O)c2c(Cl)c(Cl)c(Cl)c(Cl)c21,15
O,1
O=C1N[N+](=O)c2ccccc21,11
CN1C(=O)c2c(Cl)c(Cl)c(Cl)c(Cl)c2[N+]1=O,16
CN(C=O)[N+]=O,6
O=[N+]c1cc(Cl)c(Cl)c(Cl)c1Cl,12
CN[N+]=O,4
C,1
Cc1ccccc1,7
S,1
O,1
O=[N+]1C(c2ccccc2)=[NH+]C(=C2C(=S)N2c2ccccc2)c2ccccc21,27
O=[N+]1C(c2ccccc2)=[N+]([O-])Cc2cc(F)ccc21,19
O=[N+]1C(c2ccccc2)=[NH+]Cc2ccccc21,17
Cc1ccccc1,7
S=C1CN1c1ccccc1,10
[O-][N+]1=C(c2ccccc2)[N+]c2ccc(F)cc2C1=C1C(=S)N1c1ccccc1,28
O=[N+]c1ccc(F)cc1C([N+][O-])=C1C(=S)N1c1ccccc1,22
C,1
c1ccccc1,6
[O-],1
[O-][N+](C=C1C(=S)N1c1ccccc1)=Cc1ccccc1,20
O=[N+]1C(c2ccccc2)=[NH+]C(=C2NC2=S)c2ccccc21,21
O=[N+]1C(c2ccccc2)=[N+]([O-])C(=C2C(=S)N2c2ccccc2)c2cc(F)ccc21,29
O=[N+]1C=[N+]([O-])C(=C2C(=S)N2c2ccccc2)c2cc(F)ccc21,23
F,1
O=[N+]1C=[NH+]Cc2ccccc21,11
O=[N+](C(=[N+][O-])c1ccccc1)c1ccc(F)cc1,18
S=C1CN1,4
[O-][N+]C(=C1C(=S)N1c1ccccc1)c1cccc(F)c1,20
O=CN(Nc1ccccc1)N(C=C1c2ccccc2[N+](=O)C(=O)N1c1ccccc1Cl)c1ccccc1,37
O,1
O=C1N(c2ccccc2Cl)Cc2ccccc2[N+]1=O,19
Nc1ccccc1,7
O=C1C(=O)N(Nc2ccccc2)N(c2ccccc2)C1=C1NC(=O)[N+](=O)c2ccccc21,32
O=C(Nc1ccccc1Cl)[N+](=O)c1ccccc1,18
O=C1CN(c2ccccc2)N(Nc2ccccc2)C1=O,20
Cc1ccccc1,7
C,1
O=[N+]C(=O)Nc1ccccc1Cl,12
O=C1NN(c2ccccc2)C(=C2c3ccccc3[N+](=O)C(=O)N2c2ccccc2Cl)C1=O,32
c1ccccc1,6
Cl,1
O=CC(=O)N(Nc1ccccc1)Nc1ccccc1,19
NN1C(=O)C(=O)C(=C2c3ccccc3[N+](=O)C(=O)N2c2ccccc2Cl)N1c1ccccc1,33
O=CC(=O)C(Nc1ccccc1)=C1c2ccccc2[N+](=O)C(=O)N1c1ccccc1Cl,31
Clc1ccccc1,7
O=C1N(c2ccccc2Cl)C(=CNc2ccccc2)c2ccccc2[N+]1=O,27
O=C1CNNC1=O,7
O=C1N(c2ccccc2)Cc2ccccc2[N+]1=O,18
O=C1C(=O)N(Nc2ccccc2)N(c2ccccc2)C1=C1c2ccccc2[N+](=O)C(=O)N1c1ccccc1,38
O=C1CC(=C2c3ccccc3[N+](=O)C(=O)N2c2ccccc2Cl)N(c2ccccc2)N1Nc1ccccc1,38
O=C1C(=O)N(Nc2ccccc2)N(c2ccccc2)C1=C1c2ccccc2[N+](=O)C(=O)N1c1ccccc1Cl,39
O=C1NCc2ccccc2[N+]1=O,12
O,1
O=[N+]1C(c2ccc(Cl)cc2)=[N+]([O-])Cc2ccccc21,19
O=[N+]1C(c2ccccc2)=[NH+]Cc2ccccc21,17
O=[N+](C=C1c2ccccc2[N+](=O)C(c2ccc(Cl)cc2)=[N+]1[O-])CF,24
O=[N+]1C(=C2c3ccccc3[N+](=O)C(c3ccc(Cl)cc3)=[N+]2[O-])[N+]C(F)=C1c1ccc(Cl)cc1,33
Cc1ccccc1,7
O=[N+]1C(F)=C(c2ccc(Cl)cc2)[N+](=O)C1=C1c2ccccc2[N+](=O)C(c2ccc(Cl)cc2)=[N+]1[O-],34
O=[N+](C=C1c2ccccc2[N+](=O)C(c2ccc(Cl)cc2)=[N+]1[O-])Cc1ccc(Cl)cc1,30
O=[N+]C(=C1c2ccccc2[N+](=O)C(c2ccc(Cl)cc2)=[N+]1[O-])[N+](=O)CF,26
C,1
c1ccccc1,6
[O-],1
Cl,1
Clc1ccccc1,7
O=[N+]1C[N+](=O)C(c2ccc(Cl)cc2)=C1F,15
O=[N+]C(=C1c2ccccc2[N+](=O)C(c2ccc(Cl)cc2)=[N+]1[O-])[N+](=O)Cc1ccc(Cl)cc1,32
F,1
O=[N+]1C=[NH+]Cc2ccccc21,11
O=[N+]1C=C(F)[N+](=O)C1=C1c2ccccc2[N+](=O)C(c2ccc(Cl)cc2)=[N+]1[O-],27
O=[N+](C(=[N+][O-])c1ccc(Cl)cc1)c1ccccc1,18
O=[N+]1C=C(c2ccccc2)[N+](=O)C1=C1[NH+]=C(c2ccccc2)[N+](=O)c2ccccc21,30
O,1
O=[N+]1Nc2ccccc2C(=C2[N+](=O)c3ccccc3[N+]2=O)c2ccccc21,27
Cc1ccccc1,7
O=[N+]1Nc2ccccc2Cc2cc(Cl)ccc21,17
Nc1ccccc1C=C1[N+](=O)c2cc(Br)cc(Br)c2[N+]1=O,21
N[N+](=O)c1ccc(Cl)cc1C=C1[N+](=O)c2cc(Br)cc(Br)c2[N+]1=O,24
O=[N+]1Nc2ccccc2C(=C2[N+](=O)c3cc(Br)cc(Br)c3[N+]2=O)c2cc(Cl)ccc21,30
Br,1
N[N+](=O)c1ccc(Cl)cc1,10
C,1
c1ccccc1,6
Cl,1
O=[N+]1C[N+](=O)c2c(Br)cc(Br)cc21,13
O=[N+]1C(=Cc2cccc(Cl)c2)[N+](=O)c2c(Br)cc(Br)cc21,21
O=[N+](Nc1ccccc1)c1ccc(Cl)cc1,16
O=[N+]1C(=C2c3cc(Cl)ccc3[N+]Nc3ccccc32)[N+](=O)c2c(Br)cc(Br)cc21,29
O,1
O=[N+]1C(c2ccccc2F)=[N+]([O-])Cc2cc(Br)ccc21,20
Fc1ccccc1,7
O=[N+]1C(c2ccccc2)=[NH+]Cc2ccccc21,17
Cc1ccccc1,7
C=C1c2cc(Br)ccc2[N+](=O)C(c2ccccc2F)=[N+]1[O-],21
Br,1
C,1
c1ccccc1,6
[O-],1
Cl,1
Clc1ccccc1,7
O=[N+]C(c1ccccc1F)=[N+]([O-])C=C1NC(=O)c2cc(Cl)ccc21,24
O=C1NC(=C2[NH+]=C(c3ccccc3)[N+](=O)c3ccccc32)c2ccccc21,27
O=[N+](C(=[N+][O-])c1ccccc1F)c1ccc(Br)cc1,19
F,1
O=[N+]1C=[NH+]Cc2ccccc21,11
O=C1NCc2ccccc21,10
O=C1NCc2ccc(Cl)cc21,11
NC=C1c2cc(Br)ccc2[N+](=O)C(c2ccccc2F)=[N+]1[O-],22
O=C1NC(=C2c3cc(Br)ccc3[N+](=O)C(c3ccccc3F)=[N+]2[O-])c2ccc(Cl)cc21,31
NC(=C1c2cc(Br)ccc2[N+](=O)C(c2ccccc2F)=[N+]1[O-])c1ccc(Cl)cc1,29
O=[N+]1C(c2ccccc2F)=[N+]([O-])C(=C2NCc3cc(Cl)ccc32)c2cc(Br)ccc21,30
O,1
O=C1NC(=C2c3ccccc3C(Cl)=[N+]2[O-])C(=O)N1c1ccccc1F,25
Fc1ccccc1,7
O=CNc1ccccc1F,10
O=C1CNC(=O)N1,7
O=C1C(=C2c3ccccc3C(Cl)=[N+]2[O-])NCN1c1ccccc1F,24
Cc1ccccc1,7
O=C1NC(=C[N+]([O-])=CCl)C(=O)N1c1ccccc1F,19
O=C1CNC(=O)N1c1ccccc1,13
CN1C(=O)CNC1=O,8
NC(C(=O)Nc1ccccc1F)=C1c2ccccc2C(Cl)=[N+]1[O-],23
O=C1CNC(=O)N1c1ccccc1F,14
C,1
[O-][N+]=C(Cl)c1ccccc1,10
c1ccccc1,6
[O-],1
Cl,1
O=C1NC(=C2[NH+]=Cc3ccccc32)C(=O)N1c1ccccc1,22
[O-][N+]1=C(Cl)c2ccccc2C1,11
F,1
O=C1NC(=O)C(=C2[NH+]=Cc3ccccc32)N1,16
NC(C=O)=C1c2ccccc2C(Cl)=[N+]1[O-],15
[O-][N+]=CCl,4
C1=[NH+]Cc2ccccc21,9
O,1
Cc1ccccc1,7
O=C1OC(=O)N(c2cccc(Cl)c2Cl)C(=O)C1=C1[N+](=O)c2c(Br)cccc2C(c2ccccc2)=[N+]1[O-],36
Br,1
O=COC(=O)C(C=O)=C1[N+](=O)c2c(Br)cccc2C(c2ccccc2)=[N+]1[O-],27
O=C1NC(=O)C(=C2[N+](=O)c3c(Br)cccc3C(c3ccccc3)=[N+]2[O-])C(=O)O1,28
Clc1ccccc1Cl,8
O=[N+]C([N+][O-])=C1C(=O)OC(=O)N(c2cccc(Cl)c2Cl)C1=O,22
C,1
O=CC(C(=O)O)=C1[N+](=O)c2c(Br)cccc2C(c2ccccc2)=[N+]1[O-],25
c1ccccc1,6
[O-],1
Cl,1
O=C(C=C1[N+](=O)c2c(Br)cccc2C(c2ccccc2)=[N+]1[O-])Nc1cccc(Cl)c1Cl,31
O=C1CC(=O)OC(=O)N1,9
O=[N+]1C[N+]([O-])=C(c2ccccc2)c2cccc(Br)c21,19
O=C(O)N(C(=O)C=C1[N+](=O)c2c(Br)cccc2C(c2ccccc2)=[N+]1[O-])c1cccc(Cl)c1Cl,34
O=C1OC(=O)N(c2ccccc2)C(=O)C1=C1[NH+]=C(c2ccccc2)c2ccccc2[N+]1=O,32
O=C1OCC(=C2[N+](=O)c3c(Br)cccc3C(c3ccccc3)=[N+]2[O-])C(=O)N1c1cccc(Cl)c1Cl,35
O=C1NC(=O)C(=C2[NH+]=C(c3ccccc3)c3ccccc3[N+]2=O)C(=O)O1,26
CN1C(=O)CC(=O)OC1=O,10
O=[N+]c1c(Br)cccc1C(=[N+][O-])c1ccccc1,18
NC(=O)C=Cc1cccc(Cl)c1,12
O,1
O=C1NCC1=Cc1cccc(Cl)c1,13
Fc1ccccc1,7
O=C1NC(=C[N+]([O-])=Cc2ccccc2F)C1=Cc1cccc(Cl)c1,24
c1ccc(C2=[NH+]Cc3ccccc32)cc1,15
Cc1ccccc1,7
[O-][N+]=Cc1ccccc1F,10
O=C1NC(=C2c3c(Br)cccc3C(c3ccccc3F)=[N+]2[O-])C1=Cc1cccc(Cl)c1,31
Br,1
O=C1NCC1=Cc1ccccc1,12
Cc1cccc(Cl)c1,8
NC(C=Cc1cccc(Cl)c1)=C1c2c(Br)cccc2C(c2ccccc2F)=[N+]1[O-],29
C,1
c1ccccc1,6
[O-],1
Cl,1
F,1
[O-][N+]1=C(c2ccccc2F)c2cccc(Br)c2C1,18
O=C1CC(=C2[NH+]=C(c3ccccc3)c3ccccc32)N1,20
[O-][N+]1=C(c2ccccc2F)c2cccc(Br)c2C1=C1NCC1=Cc1cccc(Cl)c1,30
C1=[NH+]Cc2ccccc21,9
O=C1CCN1,5
O=C1NC(=C2[NH+]=C(c3ccccc3)c3ccccc32)C1=Cc1ccccc1,27
C=Cc1cccc(Cl)c1,9
O=C1CC=C(OF)C(=O)N1c1ccccc1,16
CC(C(=O)Nc1ccccc1)=C1c2c(Br)ccc(Br)c2[N+](=O)C(c2ccccc2)=[N+]1[O-],31
O,1
O=C1C=CCC(=O)N1c1ccccc1,14
O=C1C=CC(=C2[NH+]=C(c3ccccc3)[N+](=O)c3ccccc32)C(=O)N1,25
O=C(Nc1ccccc1)C(C=COF)=C1c2c(Br)ccc(Br)c2[N+](=O)C(c2ccccc2)=[N+]1[O-],34
O=[N+]1C(c2ccccc2)=[NH+]Cc2ccccc21,17
O=C1C=CC(=C2[NH+]=C(c3ccccc3)[N+](=O)c3ccccc32)C(=O)N1c1ccccc1,31
Cc1ccccc1,7
O=C1C=CCC(=O)N1,8
OF,2
Br,1
C,1
c1ccccc1,6
[O-],1
O=CC(C=COF)=C1c2c(Br)ccc(Br)c2[N+](=O)C(c2ccccc2)=[N+]1[O-],27
O=[N+]C(=[N+][O-])c1ccccc1,11
O=[N+]1C(c2ccccc2)=[N+]([O-])Cc2c(Br)ccc(Br)c21,20
F,1
O=[N+]1C=[NH+]Cc2ccccc21,11
O=C1C(=C2c3c(Br)ccc(Br)c3[N+](=O)C(c3ccccc3)=[N+]2[O-])C=C(OF)CN1c1ccccc1,35
O=C1C(OF)=CC(=C2c3c(Br)ccc(Br)c3[N+](=O)C(c3ccccc3)=[N+]2[O-])C(=O)N1c1ccccc1,36
O=[N+]C(c1ccccc1)=[N+]([O-])C=C1C=C(OF)C(=O)N(c2ccccc2)C1=O,28
O,1
O=C1C(=C2c3cc(Cl)cc(Cl)c3[N+](=O)C(c3cc(F)ccc3F)=[N+]2[O-])NCN1Cc1ccccc1Cl,36
O=C1NC(=O)C(=C2[NH+]=C(c3ccccc3)[N+](=O)c3ccccc32)N1,24
O=[N+]1C(c2ccccc2)=[NH+]Cc2ccccc21,17
CN1C(=O)NC(=C2[NH+]=C(c3ccccc3)[N+](=O)c3ccccc32)C1=O,25
O=C1CNC(=O)N1Cc1ccccc1Cl,15
O=C1CNC(=O)N1,7
Cc1ccccc1,7
O=[N+]C(c1cc(F)ccc1F)=[N+]([O-])C=C1NC(=O)N(Cc2ccccc2Cl)C1=O,29
NC(C(=O)NCc1ccccc1Cl)=C1c2cc(Cl)cc(Cl)c2[N+](=O)C(c2cc(F)ccc2F)=[N+]1[O-],35
CN1C(=O)CNC1=O,8
Fc1ccc(F)cc1,8
C,1
O=C1NC(=C2c3cc(Cl)cc(Cl)c3[N+](=O)C(c3cc(F)ccc3F)=[N+]2[O-])C(=O)N1Cc1ccccc1Cl,37
c1ccccc1,6
[O-],1
Cl,1
O=C1NC(=C([N+][O-])c2cc(Cl)cc(Cl)c2)C(=O)N1Cc1ccccc1Cl,26
O=[N+]C(=[N+][O-])c1cc(F)ccc1F,13
O=C1NC(=C2[NH+]=C(c3ccccc3)[N+](=O)c3ccccc32)C(=O)N1Cc1ccccc1,31
Clc1ccccc1,7
O=C1CNC(=O)N1Cc1ccccc1,14
O=C1NC(=O)C(=C2[NH+]=C[N+](=O)c3ccccc32)N1,18
O=[N+]1C(c2cc(F)ccc2F)=[N+]([O-])Cc2cc(Cl)cc(Cl)c21,22
F,1
Cc1ccccc1Cl,8
O=[N+]1C=[NH+]Cc2ccccc21,11
O=[N+](C(=[N+][O-])c1cc(F)ccc1F)c1ccc(Cl)cc1Cl,21
O=CNCc1ccccc1Cl,11
O=C(O)N(c1ccc(Cl)cc1)[N+](=O)C=C1c2ccccc2[N+](=O)C(c2ccccc2Br)=[N+]1[O-],33
O,1
O=[N+](C=C1c2ccccc2[N+](=O)C(c2ccccc2Br)=[N+]1[O-])Nc1ccc(Cl)cc1,30
O=C1OC(=O)N(c2ccc(Cl)cc2)[N+](=O)C1=C1c2ccccc2[N+](=O)C(c2ccccc2Br)=[N+]1[O-],35
O=C1C[N+](=O)NC(=O)O1,9
O=[N+]1C(c2ccccc2)=[NH+]Cc2ccccc21,17
Cc1ccccc1,7
O=C1N[N+](=O)C(=C2c3ccccc3[N+](=O)C(c3ccccc3Br)=[N+]2[O-])C(=O)O1,28
O=C1N[N+](=O)C(=C2[NH+]=C(c3ccccc3)[N+](=O)c3ccccc32)C(=O)O1,26
O=COC(=O)C([N+]=O)=C1c2ccccc2[N+](=O)C(c2ccccc2Br)=[N+]1[O-],27
Br,1
Brc1ccccc1,7
C,1
c1ccccc1,6
[O-],1
Cl,1
Clc1ccccc1,7
O=[N+](C(=[N+][O-])c1ccccc1Br)c1ccccc1,18
O=[N+]C(C(=O)O)=C1c2ccccc2[N+](=O)C(c2ccccc2Br)=[N+]1[O-],25
O=C1OCC(=C2c3ccccc3[N+](=O)C(c3ccccc3Br)=[N+]2[O-])[N+](=O)N1c1ccc(Cl)cc1,34
O=[N+]1C=[NH+]Cc2ccccc21,11
O=C1OC(=O)N(c2ccccc2)[N+](=O)C1=C1[NH+]=C(c2ccccc2)[N+](=O)c2ccccc21,32
O=C1C[N+](=O)N(c2ccc(Cl)cc2)C(=O)O1,16
O=[N+]1C(c2ccccc2Br)=[N+]([O-])Cc2ccccc21,19
O=[N+]C(=[N+][O-])c1ccccc1Br,12
O=C1C[N+](=O)N(c2ccccc2)C(=O)O1,15
O,1
O=C1OC(=C2[NH+]=C(c3ccccc3)c3ccccc3[N+]2=O)c2ccccc21,27
Cc1ccccc1,7
C=C1[N+](=O)c2cc(Cl)ccc2C(c2cccc(Cl)c2)=[N+]1[O-],21
O=[N+]1C(=C(O)c2ccccc2)[N+]([O-])=C(c2cccc(Cl)c2)c2ccc(Cl)cc21,28
C,1
c1ccccc1,6
[O-],1
Cl,1
O=[N+]1C(=C2OCc3ccccc32)[N+]([O-])=C(c2cccc(Cl)c2)c2ccc(Cl)cc21,29
O=[N+]1C(=CO)[N+]([O-])=C(c2cccc(Cl)c2)c2ccc(Cl)cc21,22
O=C1OC(=C2[N+](=O)c3cc(Cl)ccc3C(c3cccc(Cl)c3)=[N+]2[O-])c2ccccc21,30
O=[N+]1C[N+]([O-])=C(c2cccc(Cl)c2)c2ccc(Cl)cc21,20
O=[N+]c1cc(Cl)ccc1C(=[N+][O-])c1cccc(Cl)c1,19
O=[N+]C(=C1OC(=O)c2ccccc21)[N+]([O-])=Cc1cccc(Cl)c1,23
O=[N+]1CN(c2ccccc2)C(=C2c3ccc(F)cc3[N+](=O)C(c3ccccc3Cl)=[N+]2[O-])c2ccccc21,37
O,1
O=C[N+](=O)c1ccccc1C=C1c2ccc(F)cc2[N+](=O)C(c2ccccc2Cl)=[N+]1[O-],31
O=[N+]1C(c2ccccc2)=[NH+]Cc2ccccc21,17
O=[N+]C(=O)Nc1ccccc1,11
O=C1N(c2ccccc2)C(=C2[NH+]=C(c3ccccc3)[N+](=O)c3ccccc32)c2ccccc2[N+]1=O,35
Cc1ccccc1,7
O=[N+]c1ccccc1C(Nc1ccccc1)=C1c2ccc(F)cc2[N+](=O)C(c2ccccc2Cl)=[N+]1[O-],36
O=C1N(c2ccccc2)C(=C2c3ccc(F)cc3[N+](=O)C(c3ccccc3Cl)=[N+]2[O-])c2ccccc2[N+]1=O,38
O=[N+]c1ccccc1C=C1c2ccc(F)cc2[N+](=O)C(c2ccccc2Cl)=[N+]1[O-],29
C,1
O=[N+]1C(c2ccccc2Cl)=[N+]([O-])Cc2ccc(F)cc21,20
c1ccccc1,6
[O-],1
Cl,1
Clc1ccccc1,7
F,1
O=C1NC(=C2[NH+]=C(c3ccccc3)[N+](=O)c3ccccc32)c2ccccc2[N+]1=O,29
O=[N+]1C=[NH+]Cc2ccccc21,11
O=C1NC(=C2c3ccc(F)cc3[N+](=O)C(c3ccccc3Cl)=[N+]2[O-])c2ccccc2[N+]1=O,32
O=[N+](C(=[N+][O-])c1ccccc1Cl)c1cccc(F)c1,19
O=C1N(c2ccccc2)Cc2ccccc2[N+]1=O,18
O=C1NCc2ccccc2[N+]1=O,12
O=C1C(=C2c3cc(Cl)ccc3[N+](=O)C([N+](=O)c3ccccc3)=[N+]2[O-])N(c2ccccc2)C(=O)N1c1ccc(Br)cc1[N+](=O)[O-],44
O,1
O=[N+](C1=[NH+]Cc2ccccc2[N+]1=O)c1ccccc1,19
O=[N+]c1ccccc1,8
O=C1N(c2ccc(Br)cc2[N+](=O)[O-])CC(=C2c3cc(Cl)ccc3[N+](=O)C([N+](=O)c3ccccc3)=[N+]2[O-])N1c1ccccc1,43
O=C1CNC(=O)N1,7
O=C1CN(c2ccccc2)C(=O)N1,13
Cc1ccccc1,7
O=CN(C=C1c2cc(Cl)ccc2[N+](=O)C([N+](=O)c2ccccc2)=[N+]1[O-])c1ccccc1,31
O=CNc1ccc(Br)cc1[N+](=O)[O-],13
O=C1CNC(=O)N1c1ccccc1,13
CN1C(=O)CNC1=O,8
Br,1
O=C1CN(c2ccccc2)C(=O)N1c1ccccc1,19
O=[N+]C([N+](=O)c1ccccc1)=[N+]([O-])C=C1C(=O)N(c2ccc(Br)cc2[N+](=O)[O-])C(=O)N1c1ccccc1,37
O=C1NC(=O)C(=C2[NH+]=C([N+](=O)c3ccccc3)[N+](=O)c3ccccc32)N1,26
C,1
O=[N+](C(=[N+][O-])[N+](=O)c1ccc(Cl)cc1)c1ccccc1,20
O=[N+]([O-])c1cccc(Br)c1,10
c1ccccc1,6
[O-],1
Cl,1
O=C1NC(=O)N(c2ccccc2)C1=C1[NH+]=C[N+](=O)c2ccccc21,24
O=[N+]C(=[N+][O-])[N+](=O)c1ccccc1,13
O=C(Nc1ccc(Br)cc1[N+](=O)[O-])N(C=C1c2cc(Cl)ccc2[N+](=O)C([N+](=O)c2ccccc2)=[N+]1[O-])c1ccccc1,42
O=C1NC(=O)C(=C2[NH+]=C[N+](=O)c3ccccc32)N1,18
O=[N+][O-],3
O=[N+](C1=[N+]([O-])Cc2cc(Cl)ccc2[N+]1=O)c1ccccc1,21
O=C1CN(c2ccccc2)C(=O)N1c1ccc(Br)cc1[N+](=O)[O-],23
O=C1NC(=C2[NH+]=C([N+](=O)c3ccccc3)[N+](=O)c3ccccc32)C(=O)N1c1ccccc1,32
CN1CC(=O)N(C)C1=O,9
O=[N+]1C=[NH+]Cc2ccccc21,11
CN1CC(=O)NC1=O,8
O=C1NC(=O)N(c2ccccc2)C1=C1[NH+]=C([N+](=O)c2ccccc2)[N+](=O)c2ccccc21,32
O=C1C(=C2[NH+]=C([N+](=O)c3ccccc3)[N+](=O)c3ccccc32)N(c2ccccc2)C(=O)N1c1ccccc1,38
CN1C(=O)CN(c2ccccc2)C1=O,14
O=C1CN(c2ccccc2Cl)C(=O)N1Cl,15
O,1
O=CNCl,4
O=C1N(Cl)CC(=C2c3c(Cl)cccc3[N+](=O)C(c3ccc(Cl)cc3)=[N+]2[O-])N1c1ccccc1Cl,34
O=C1NC(=O)C(=C2[NH+]=C(c3ccccc3)[N+](=O)c3ccccc32)N1,24
O=[N+]1C(c2ccccc2)=[NH+]Cc2ccccc21,17
O=C1CNC(=O)N1,7
O=C1CN(c2ccccc2)C(=O)N1,13
O=[N+]1C(c2ccc(Cl)cc2)=[N+]([O-])Cc2c(Cl)cccc21,20
Cc1ccccc1,7
O=C1C(=C2c3c(Cl)cccc3[N+](=O)C(c3ccc(Cl)cc3)=[N+]2[O-])N(c2ccccc2Cl)C(=O)N1Cl,35
CN1C(=O)NC(=O)C1=C1[NH+]=C(c2ccccc2)[N+](=O)c2ccccc21,25
O=C1NC(=O)N(c2ccccc2)C1=C1[NH+]=C(c2ccccc2)[N+](=O)c2ccccc21,30
C,1
c1ccccc1,6
[O-],1
Cl,1
O=C1NC(=O)N(c2ccccc2)C1=C1[NH+]=C[N+](=O)c2ccccc21,24
O=[N+]C(=[N+][O-])c1ccc(Cl)cc1,12
Clc1ccccc1,7
O=C1NC(=O)C(=C2[NH+]=C[N+](=O)c3ccccc32)N1,18
O=[N+]C(c1ccc(Cl)cc1)=[N+]([O-])C=C1C(=O)N(Cl)C(=O)N1c1ccccc1Cl,28
O=[N+]1C=[NH+]Cc2ccccc21,11
CN1CC(=O)NC1=O,8
O=C(NCl)N(C=C1c2c(Cl)cccc2[N+](=O)C(c2ccc(Cl)cc2)=[N+]1[O-])c1ccccc1Cl,33
O=CN(Cl)C=O,6
O=[N+](C(=[N+][O-])c1ccc(Cl)cc1)c1cccc(Cl)c1,19
O,1
O=[N+]1C(c2cccc(Cl)c2)=[N+]([O-])Cc2ccc(Cl)cc21,20
O=C1NC(=O)C(=C2[NH+]=C(c3ccccc3)[N+](=O)c3ccccc32)N1,24
O=[N+]1C(c2ccccc2)=[NH+]Cc2ccccc21,17
CN1C(=O)NC(=C2[NH+]=C(c3ccccc3)[N+](=O)c3ccccc32)C1=O,25
O=[N+](C(=[N+][O-])c1cccc(Cl)c1)c1cccc(Cl)c1,19
O=C1CNC(=O)N1,7
O=C1NC(=C([N+][O-])c2ccc(Cl)cc2)C(=O)N1Cc1cccc(Cl)c1,25
Cc1ccccc1,7
CN1C(=O)CNC1=O,8
O=C1CNC(=O)N1Cc1cccc(Cl)c1,15
Cc1cccc(Cl)c1,8
C,1
c1ccccc1,6
[O-],1
Cl,1
O=C1C(=C2c3ccc(Cl)cc3[N+](=O)C(c3cccc(Cl)c3)=[N+]2[O-])NCN1Cc1cccc(Cl)c1,34
O=C1NC(=C2[NH+]=C(c3ccccc3)[N+](=O)c3ccccc32)C(=O)N1Cc1ccccc1,31
Clc1ccccc1,7
O=C1CNC(=O)N1Cc1ccccc1,14
O=C1NC(=C2c3ccc(Cl)cc3[N+](=O)C(c3cccc(Cl)c3)=[N+]2[O-])C(=O)N1Cc1cccc(Cl)c1,35
O=C1NC(=O)C(=C2[NH+]=C[N+](=O)c3ccccc32)N1,18
O=[N+]C(c1cccc(Cl)c1)=[N+]([O-])C=C1NC(=O)N(Cc2cccc(Cl)c2)C1=O,28
O=[N+]1C=[NH+]Cc2ccccc21,11
O=CNCc1cccc(Cl)c1,11
NC(C(=O)NCc1cccc(Cl)c1)=C1c2ccc(Cl)cc2[N+](=O)C(c2cccc(Cl)c2)=[N+]1[O-],33
O=[N+]C(=[N+][O-])c1cccc(Cl)c1,12
O=C1NC(=O)N(c2ccccc2)C1=C1[N+](=O)c2ccccc2C(c2ccc(F)cc2Cl)=[N+]1[O-],33
Fc1cccc(Cl)c1,8
O,1
O=C1CNC(=O)N1,7
O=C1CN(c2ccccc2)C(=O)N1,13
Cc1ccccc1,7
O=C1C(=C2[N+](=O)c3ccccc3C(c3ccc(F)cc3Cl)=[N+]2[O-])N(c2ccccc2)C(=O)N1Cc1cccnc1,40
Cc1cccnc1,7
c1ccncc1,6
O=[N+]C(=C1C(=O)N(Cc2cccnc2)C(=O)N1c1ccccc1)[N+]([O-])=Cc1ccc(F)cc1Cl,34
CN1C(=O)C(=C2[N+](=O)c3ccccc3C(c3ccc(F)cc3Cl)=[N+]2[O-])N(c2ccccc2)C1=O,34
O=C1NC(=O)N(c2ccccc2)C1=C1[NH+]=C(c2ccccc2)c2ccccc2[N+]1=O,30
CN1C(=O)CNC1=O,8
CN1C(=O)NC(=C2[NH+]=C(c3ccccc3)c3ccccc3[N+]2=O)C1=O,25
O=[N+]C([N+][O-])=C1C(=O)N(Cc2cccnc2)C(=O)N1c1ccccc1,25
C,1
c1ccccc1,6
[O-],1
Cl,1
CN1C(=O)C(=C2[NH+]=C(c3ccccc3)c3ccccc3[N+]2=O)N(c2ccccc2)C1=O,31
O=C1C(=C[N+]([O-])=Cc2ccc(F)cc2Cl)N(c2ccccc2)C(=O)N1Cc1cccnc1,32
O=[N+]c1ccccc1C(=[N+][O-])c1ccc(F)cc1Cl,19
O=C1N(Cc2cccnc2)CC(=C2[N+](=O)c3ccccc3C(c3ccc(F)cc3Cl)=[N+]2[O-])N1c1ccccc1,39
O=CN(C=O)Cc1cccnc1,12
CN1CC(=O)N(C)C1=O,9
F,1
O=C1NC(=O)C(=C2[NH+]=C(c3ccccc3)c3ccccc3[N+]2=O)N1,24
CN1CC(=O)NC1=O,8
O=[N+]1C[N+]([O-])=C(c2ccc(F)cc2Cl)c2ccccc21,20
O=CNCc1cccnc1,10
O=C1C(=C2[NH+]=C(c3ccccc3)c3ccccc3[N+]2=O)N(c2ccccc2)C(=O)N1Cc1cccnc1,37
O=C1NC(=O)N(c2ccccc2)C1=C1Nc2ccccc2C(c2ccccc2)=[NH+]1,29
O=C1NC(=C2[NH+]=C(c3ccccc3)c3ccccc3[N+]2=O)C(=O)N1Cc1cccnc1,31
CN1C(=O)CN(c2ccccc2)C1=O,14
O=C(NCc1cccnc1)N(C=C1[N+](=O)c2ccccc2C(c2ccc(F)cc2Cl)=[N+]1[O-])c1ccccc1,38
O=C1NC(=O)C(=C2Nc3ccccc3C(c3ccccc3)=[NH+]2)N1,23
[O-][N+]1=C(c2cccnc2)c2ccccc2C1=C1c2ccc(Cl)n2[B-](F)(F)[N+]N1c1ccccn1,34
O,1
c1cncc(C2=[NH+]Cc3ccccc32)c1,15
O=[N+]1[BH2-]n2cccc2C(=C2[NH+]=C(c3cccnc3)c3ccccc32)N1c1ccccn1,31
Cc1ccccc1,7
Cc1cccnc1,7
O=[N+]1N(c2ccccn2)C(=C[N+]([O-])=Cc2cccnc2)c2ccc(Cl)n2[B-]1(F)F,29
c1ccncc1,6
O=[N+]1N(c2ccccn2)Cc2ccc(Cl)n2[B-]1(F)F,19
O=[N+]1N(c2ccccn2)C(=C2c3ccccc3C(c3cccnc3)=[N+]2[O-])c2ccc(Cl)n2[B-]1(F)F,35
O=[N+][B-](F)(F)n1c(Cl)ccc1C=C1c2ccccc2C(c2cccnc2)=[N+]1[O-],28
C,1
c1ccccc1,6
[O-],1
Cl,1
O=[N+](Nc1ccccn1)[B-](F)(F)n1cccc1Cl,18
[O-][N+]1=C(c2cccnc2)c2ccccc2C1=Cc1ccc(Cl)n1[B-](F)F,26
F,1
O=[N+]1N(c2ccccn2)C(=C([N+][O-])c2ccccc2)c2ccc(Cl)n2[B-]1(F)F,28
O=[N+]1NC(=C2c3ccccc3C(c3cccnc3)=[N+]2[O-])c2ccc(Cl)n2[B-]1(F)F,29
[O-][N+]=Cc1cccnc1,9
O=[N+]1[BH2-]n2cccc2CN1c1ccccn1,16
C1=[NH+]Cc2ccccc21,9
[O-][N+]1=C(c2cccnc2)c2ccccc2C1,16
O=C1CC(=O)N(Cc2ccccc2)C(=O)O1,16
O=COC(=O)C(C=O)=C1c2c(Br)cccc2C(Br)=[N+]1[O-],20
O,1
O=C1OC(=O)N(Cc2ccc(Br)cc2)C(=O)C1=C1c2c(Br)cccc2C(Br)=[N+]1[O-],29
Cc1ccccc1,7
[O-][N+]=C(Br)c1cccc(Br)c1,11
Br,1
Brc1ccccc1,7
C,1
CN1C(=O)OC(=O)C(=C2[NH+]=Cc3ccccc32)C1=O,19
c1ccccc1,6
[O-],1
CN1C(=O)OC(=O)C(=C2c3c(Br)cccc3C(Br)=[N+]2[O-])C1=O,22
O=C1NC(=O)C(=C2[NH+]=Cc3ccccc32)C(=O)O1,18
Cc1ccc(Br)cc1,8
O=C1CC(=O)OC(=O)N1,9
O=C1CC(=O)N(Cc2ccc(Br)cc2)C(=O)O1,17
O=C1NC(=O)C(=C2c3c(Br)cccc3C(Br)=[N+]2[O-])C(=O)O1,21
O=C(C=C1c2c(Br)cccc2C(Br)=[N+]1[O-])NCc1ccc(Br)cc1,24
[O-][N+]1=C(Br)c2cccc(Br)c2C1,12
O=C(O)N(Cc1ccc(Br)cc1)C(=O)C=C1c2c(Br)cccc2C(Br)=[N+]1[O-],27
CN1C(=O)CC(=O)OC1=O,10
O=C1OCC(=C2c3c(Br)cccc3C(Br)=[N+]2[O-])C(=O)N1Cc1ccc(Br)cc1,28
C1=[NH+]Cc2ccccc21,9
O=C1OC(=O)N(Cc2ccccc2)C(=O)C1=C1[NH+]=Cc2ccccc21,25
[O-][N+](Cc1ccccc1)=C(Cl)C=C1c2ccccc2Oc2ccc(Br)cc21,27
Brc1ccc2c(c1)Cc1ccccc1O2,15
COc1ccccc1C1=C(c2ccccc2)[N+]([O-])=C(Cl)C1=C1c2ccccc2Oc2ccc(Br)cc21,36
Cc1ccccc1,7
[O-][N+]1=C(Cl)C(=C2c3ccccc3Oc3ccc(Br)cc32)C=C1c1ccccc1,28
Br,1
CO,2
[O-][N+]1=C(Cl)C(=C2c3ccccc3Oc3ccc(Br)cc32)C(c2ccccc2O)=C1c1ccccc1,35
C,1
c1ccccc1,6
[O-],1
Cl,1
COc1ccccc1C1=C(c2ccccc2)[N+]([O-])=C(Cl)C1,21
COc1ccccc1C=C(c1ccccc1)[N+]([O-])=CCl,20
C1=[NH+]C(c2ccccc2)=C(c2ccccc2)C1,17
C1=[NH+]C(c2ccccc2)=C(c2ccccc2)C1=C1c2ccccc2Oc2ccccc21,31
c1ccc2c(c1)Cc1ccccc1O2,14
c1ccccc1,6
[O-],1
Cl,1
O,1
O=C1C(=C2[N+](=O)c3cc(Cl)ccc3C(c3ccccc3)=[N+]2[O-])[N+](=O)N1c1ccccc1,31
O=[N+](C=C1[N+](=O)c2cc(Cl)ccc2C(c2ccccc2)=[N+]1[O-])Nc1ccccc1,29
Nc1ccccc1,7
O=[N+]1C(=C2CN(c3ccccc3)[N+]2=O)[N+]([O-])=C(c2ccccc2)c2ccc(Cl)cc21,30
O=[N+]C(=C1C(=O)N(c2ccccc2)[N+]1=O)[N+]([O-])=Cc1ccccc1,24
O=[N+]C([N+][O-])=C1C(=O)N(c2ccccc2)[N+]1=O,17
O=C1C(=C2[NH+]=C(c3ccccc3)c3ccccc3[N+]2=O)[N+](=O)N1c1ccccc1,29
O=C1C(=C[N+]([O-])=Cc2ccccc2)[N+](=O)N1c1ccccc1,22
O=C1N[N+](=O)C1=C1[NH+]=C(c2ccccc2)c2ccccc2[N+]1=O,23
O=[N+]1C[N+]([O-])=C(c2ccccc2)c2ccc(Cl)cc21,19
O=[N+]C=C1[N+](=O)c2cc(Cl)ccc2C(c2ccccc2)=[N+]1[O-],22
C,1
Cc1ccccc1,7
O,1
O=[N+]C(=O)[N+](=O)[N+](=O)c1ccc(Cl)cc1,15
O=C1NC(=O)C(=C2c3ccccc3[N+](=O)[N+](=O)C(=O)[N+]2=O)N1,22
O=C1CNC(=O)N1,7
Cc1ccccc1,7
O=[N+]C(=O)[N+](=O)[N+]=O,8
CN1C(=O)C(=C2c3cc(Cl)ccc3[N+](=O)[N+](=O)C(=O)[N+]2=O)N([O-])C1=O,25
CN1C(=O)C(=C[N+](=O)C(=O)[N+](=O)[N+]=O)N([O-])C1=O,18
CN1C(=O)CNC1=O,8
C,1
c1ccccc1,6
[O-],1
Cl,1
O=C1[N+](=O)Cc2cc(Cl)ccc2[N+](=O)[N+]1=O,16
O=C1[N+](=O)Cc2ccccc2[N+](=O)[N+]1=O,15
O=C1NC(=O)N([O-])C1=C1c2cc(Cl)ccc2[N+](=O)[N+](=O)C(=O)[N+]1=O,24
O=CN([O-])C=C1c2cc(Cl)ccc2[N+](=O)[N+](=O)C(=O)[N+]1=O,21
CN1C(=O)CN([O-])C1=O,9
CN1C(=O)C(=C[N+](=O)C=O)N([O-])C1=O,14
c1ccccc1,6
Cc1ccncc1,7
O=C1NNC2=C(c3ccncc3)[N+](=O)C(=O)C2=C1c1ccc[nH]1,23
O=C1C2=C(c3ccc[nH]3)CNN(c3ccccc3)C2=C(c2ccncc2)[N+]1=O,28
O,1
c1ccncc1,6
O=[N+]C(=O)C1=C(c2ccc[nH]2)C(=O)NN(c2ccccc2)C1,22
O=C1C(=Cc2ccc[nH]2)C=C(c2ccncc2)[N+]1=O,19
O=C1CC=C(c2ccncc2)[N+]1=O,13
NC(=O)C(=C1C=C(c2ccncc2)[N+](=O)C1=O)c1ccc[nH]1,22
O=CC(=C1C=C(c2ccncc2)[N+](=O)C1=O)c1ccc[nH]1,21
O=C1NN(c2ccccc2)C2=C(c3ccncc3)[N+](=O)C(=O)C2=C1c1ccc[nH]1,29
NN(C1=C(c2ccncc2)[N+](=O)C(=O)C1=Cc1ccc[nH]1)c1ccccc1,27
c1cc[nH]c1,5
O=CNNc1ccccc1,10
O=C1NN(c2ccccc2)C2=C[N+](=O)C(=O)C2=C1c1ccc[nH]1,23
C,1
O=C(Cc1ccc[nH]1)NNc1ccccc1,16
Cc1ccc(F)cc1,8
O=C1CNC(=O)N1Cc1ccc(F)cc1,15
O,1
O=C1NC(=O)C(=C2c3ccc4ccccc4c3[N+](=O)C(=O)N2c2ccccc2)N1,29
O=CNCc1ccc(F)cc1,11
Fc1ccccc1,7
O=[N+]C(=O)Nc1ccccc1,11
O=C1CNC(=O)N1,7
O=C1NCc2ccc3ccccc3c2[N+]1=O,16
Cc1ccccc1,7
O=C1NC(=C2NC(=O)[N+](=O)c3c2ccc2ccccc32)C(=O)N1Cc1ccccc1,30
O=C[N+](=O)c1cccc2ccccc12,14
O=C1NC(=C2c3ccc4ccccc4c3[N+](=O)C(=O)N2c2ccccc2)C(=O)N1Cc1ccc(F)cc1,37
O=C1C(=C2c3ccc4ccccc4c3[N+](=O)C(=O)N2c2ccccc2)NCN1Cc1ccc(F)cc1,36
O=[N+]C(=O)N(C=C1NC(=O)N(Cc2ccc(F)cc2)C1=O)c1ccccc1,27
CN1C(=O)CNC1=O,8
C,1
c1ccccc1,6
O=C1CNC(=O)N1Cc1ccccc1,14
O=C(Nc1ccccc1)[N+](=O)c1cccc2ccccc12,21
F,1
NC(C(=O)NCc1ccc(F)cc1)=C1c2ccc3ccccc3c2[N+](=O)C(=O)N1c1ccccc1,35
O=C1N(c2ccccc2)Cc2ccccc2[N+]1=O,18
O=C1NC(=O)C(=C2NC(=O)[N+](=O)c3ccccc32)N1,19
O=C1NC(=C2c3ccc4ccccc4c3[N+](=O)C(=O)N2c2ccccc2)C(=O)N1Cc1ccccc1,36
NC(=O)N(C=O)Cc1ccc(F)cc1,14
CN1C(=O)NC(=C2c3ccc4ccccc4c3[N+](=O)C(=O)N2c2ccccc2)C1=O,30
CN1C(=O)NC(=C2NC(=O)[N+](=O)c3c2ccc2ccccc32)C1=O,24
O=C1NC(=O)C(=C2NC(=O)[N+](=O)c3c2ccc2ccccc32)N1,23
O=C1NCc2ccccc2[N+]1=O,12
O=C1N(c2ccccc2)Cc2ccc3ccccc3c2[N+]1=O,22
O,1
O=[N+]c1ccccc1C(N[O-])=C1C=[N+]=C(c2ccccc2Cl)[N+](=O)N1c1ccc(Cl)cc1,32
C=[N+]=C(c1ccccc1Cl)[N+](=O)Nc1ccc(Cl)cc1,20
O=[N+]1C(c2ccccc2Cl)=[N+]=CCN1c1ccc(Cl)cc1,21
O=[N+]C(=O)N[O-],6
Cc1ccccc1,7
O=C1N([O-])C(=C2C=[N+]=C(c3ccccc3Cl)[N+](=O)N2c2ccc(Cl)cc2)c2ccccc2[N+]1=O,34
O=C1N([O-])Cc2ccccc2[N+]1=O,13
C,1
c1ccccc1,6
[O-],1
Cl,1
O=[N+]c1ccccc1C=C1C=[N+]=C(c2ccccc2Cl)[N+](=O)N1c1ccc(Cl)cc1,30
O=[N+]1C(c2ccccc2Cl)=[N+]=CC(=CN[O-])N1c1ccc(Cl)cc1,24
O=[N+]1C(c2ccccc2)=[N+]=CCN1c1ccccc1,19
O=C1N([O-])C(=C2C=[N+]=C[N+](=O)N2c2ccc(Cl)cc2)c2ccccc2[N+]1=O,27
O=C1NC(=C2C=[N+]=C(c3ccccc3)[N+](=O)N2c2ccccc2)c2ccccc2[N+]1=O,31
O=[N+]1CN([O-])C(=C2C=[N+]=C(c3ccccc3Cl)[N+](=O)N2c2ccc(Cl)cc2)c2ccccc21,33
O=C1NCc2ccccc2[N+]1=O,12
O,1
O=C1OC(=O)C(=C[N+]([O-])=Cc2ccc(Br)cc2F)N(Cc2ccccn2)C1=O,28
O=C1CN(Cc2ccccn2)C(=O)C(=O)O1,16
O=C1OCC(=O)N(Cc2ccccn2)C1=C1c2ccccc2C(c2ccc(Br)cc2F)=[N+]1[O-],33
O=COC(=O)C(=O)NCc1ccccn1,15
c1ccc(C2=[NH+]Cc3ccccc32)cc1,15
Cc1ccccc1,7
c1ccncc1,6
O=C1OC(=O)C(=C2[NH+]=C(c3ccccc3)c3ccccc32)N(Cc2ccccn2)C1=O,31
Fc1cccc(Br)c1,8
[O-][N+]=Cc1ccc(Br)cc1F,11
O=CN(C=C1c2ccccc2C(c2ccc(Br)cc2F)=[N+]1[O-])Cc1ccccn1,29
Br,1
O=C1NC(=C2c3ccccc3C(c3ccc(Br)cc3F)=[N+]2[O-])C(=O)OC1=O,27
O=C1NC(=C2[NH+]=C(c3ccccc3)c3ccccc32)C(=O)OC1=O,24
[O-][N+]1=C(c2ccc(Br)cc2F)c2ccccc2C1,18
CN1C(=O)C(=O)OC(=O)C1=C1[NH+]=C(c2ccccc2)c2ccccc21,25
C,1
c1ccccc1,6
[O-],1
O=C1OC(=O)C(=C2c3ccccc3C(c3ccc(Br)cc3F)=[N+]2[O-])N(Cc2ccccn2)C1=O,34
O=C1CNC(=O)C(=O)O1,9
F,1
[O-][N+]=C(c1ccccc1)c1ccc(Br)cc1F,17
Cc1ccccn1,7
CN1CC(=O)OC(=O)C1=O,10
CN1C(=O)C(=O)OC(=O)C1=C1c2ccccc2C(c2ccc(Br)cc2F)=[N+]1[O-],28
O=CN(Cc1ccccn1)C(C(=O)O)=C1c2ccccc2C(c2ccc(Br)cc2F)=[N+]1[O-],32
C1=[NH+]Cc2ccccc21,9
O,1
O=C(C=C1[N+](=O)c2ccccc2C(c2ccc(F)cc2)=[N+]1[O-])NCc1ccccc1,30
O=C1NCC(=C2[N+](=O)c3ccccc3C(c3ccc(F)cc3)=[N+]2[O-])C(=O)N1Cc1ccccc1,34
O=C1NC(=O)C(=C2[NH+]=C(c3ccccc3)c3ccccc3[N+]2=O)C(=O)N1,26
O=CNC(=O)C(C=O)=C1[N+](=O)c2ccccc2C(c2ccc(F)cc2)=[N+]1[O-],27
Cc1ccccc1,7
O=[N+]1C[N+]([O-])=C(c2ccc(F)cc2)c2ccccc21,19
CN1C(=O)NC(=O)C(=C2[NH+]=C(c3ccccc3)c3ccccc3[N+]2=O)C1=O,27
O=C1CC(=O)N(Cc2ccccc2)C(=O)N1,16
C,1
CN1C(=O)NC(=O)C(=C2[N+](=O)c3ccccc3C(c3ccc(F)cc3)=[N+]2[O-])C1=O,29
c1ccccc1,6
[O-],1
O=C1NC(=O)C(=C2[N+](=O)c3ccccc3C(c3ccc(F)cc3)=[N+]2[O-])C(=O)N1,28
O=[N+]c1ccccc1C(=[N+][O-])c1ccc(F)cc1,18
O=C1NC(=O)N(Cc2ccccc2)C(=O)C1=C1[N+](=O)c2ccccc2C(c2ccc(F)cc2)=[N+]1[O-],35
F,1
O=C1NC(=O)N(Cc2ccccc2)C(=O)C1=C1[NH+]=C(c2ccccc2)c2ccccc2[N+]1=O,33
O=C1CC(=O)NC(=O)N1,9
NC(=O)N(Cc1ccccc1)C(=O)C=C1[N+](=O)c2ccccc2C(c2ccc(F)cc2)=[N+]1[O-],33
CN1C(=O)CC(=O)NC1=O,10
O,1
O=[N+]1C(c2cccc(F)c2)=[N+]([O-])C(=COC(=CCl)c2ccc(F)cc2)c2ccc(Cl)cc21,32
O=C(C=C1c2ccc(Cl)cc2[N+](=O)C(c2cccc(F)c2)=[N+]1[O-])CCl,25
O=C1C(Cl)=COC1=C1c2ccc(Cl)cc2[N+](=O)C(c2cccc(F)c2)=[N+]1[O-],27
Fc1ccccc1,7
O=[N+]1C(c2ccccc2)=[NH+]Cc2ccccc21,17
O=C(CCl)C(O)=C1c2ccc(Cl)cc2[N+](=O)C(c2cccc(F)c2)=[N+]1[O-],26
Cc1ccccc1,7
O=C1C=C(c2ccccc2)OC1=C1[NH+]=C(c2ccccc2)[N+](=O)c2ccccc21,29
O=C1C=C(c2ccccc2)OC1,12
O=[N+]1C(c2cccc(F)c2)=[N+]([O-])Cc2ccc(Cl)cc21,20
C,1
c1ccccc1,6
[O-],1
Cl,1
O=C1C(Cl)=C(c2ccc(F)cc2)OC1=C1c2ccc(Cl)cc2[N+](=O)C(c2cccc(F)c2)=[N+]1[O-],34
O=C1COC(c2ccc(F)cc2)=C1Cl,14
O=[N+]1C(c2cccc(F)c2)=[N+]([O-])C(=COCc2ccc(F)cc2)c2ccc(Cl)cc21,30
O=[N+]1C(c2cccc(F)c2)=[N+]([O-])C(=C2CC(Cl)=C(c3ccc(F)cc3)O2)c2ccc(Cl)cc21,33
F,1
O=[N+]1C=[NH+]Cc2ccccc21,11
O,1
Nc1ccccc1,7
O=[N+]C(=O)[N+]=O,6
O=[N+]C(=O)[N+](=O)C=C1C(=O)N(Nc2ccccc2)c2ccccc2N1c1ccccc1,31
Cc1ccccc1,7
c1ccc(NNc2ccccc2)cc1,14
O=C1CNc2ccccc2N1,11
O=C1CNc2ccccc2N1Nc1ccccc1,18
O=C1CN(c2ccccc2)c2ccccc2N1Nc1ccccc1,24
C,1
c1ccccc1,6
Cl,1
O=C1C(=C2c3ccccc3[N+](=O)C(=O)[N+]2=O)Nc2ccccc2N1Nc1ccccc1,31
O=C1[N+](=O)C(=CN(c2ccccc2)c2ccccc2NNc2ccccc2)c2cc(Cl)ccc2[N+]1=O,36
O=C1C(=C2c3cc(Cl)ccc3[N+](=O)C(=O)[N+]2=O)N(c2ccccc2)c2ccccc2N1Nc1ccccc1,38
O=CN(Nc1ccccc1)c1ccccc1Nc1ccccc1,23
O=C1[N+](=O)Cc2ccccc2[N+]1=O,13
O=C1C(=C2c3ccccc3[N+](=O)C(=O)[N+]2=O)N(c2ccccc2)c2ccccc2N1Nc1ccccc1,37
O=C1[N+](=O)Cc2cc(Cl)ccc2[N+]1=O,14
O=C1[N+](=O)C(=CNc2ccccc2)c2cc(Cl)ccc2[N+]1=O,22
O=C1[N+](=O)C(=C2CN(Nc3ccccc3)c3ccccc3N2c2ccccc2)c2cc(Cl)ccc2[N+]1=O,37
O=C1NCc2ccccc2[N+]1=O,12
c1ccccc1,6
O=[N+]c1ccccc1C(=[N+][O-])c1cccc(F)c1,18
CNN(C(=O)C=C1[N+](=O)c2ccccc2C(c2cccc(F)c2)=[N+]1[O-])[N+](=O)[O-],28
[O-],1
CNN(C=O)[N+](=O)[O-],8
O,1
O=C(C=C1[N+](=O)c2ccccc2C(c2cccc(F)c2)=[N+]1[O-])N[N+](=O)[O-],26
O=[N+]1C[N+]([O-])=C(c2cccc(F)c2)c2ccccc21,19
CN1c2ccccc2C(=C2[N+](=O)c3ccccc3C(c3cccc(F)c3)=[N+]2[O-])C(=O)N1[N+](=O)[O-],34
O=[N+][O-],3
O=C1C(=C2[N+](=O)c3ccccc3C(c3cccc(F)c3)=[N+]2[O-])c2ccccc2NN1[N+](=O)[O-],33
F,1
C,1
O=C1NNc2ccccc2C1=C1[NH+]=C(c2ccccc2)c2ccccc2[N+]1=O,28
Cc1ccccc1,7
O=C1NC(=C2c3cc(Cl)ccc3[N+](=O)C=[N+]2[O-])C(=O)N(c2ccccc2Cl)C1=O,29
O=[N+]c1ccc(Cl)cc1C([N+][O-])=C1NC(=O)C(=O)N(c2ccccc2Cl)C1=O,28
O,1
O=C1NC(=C2c3cc(Cl)ccc3[N+](=O)C(c3ccncc3)=[N+]2[O-])C(=O)N(c2ccccc2Cl)C1=O,35
O=[N+]C(c1ccncc1)=[N+]([O-])C=C1NC(=O)C(=O)N(c2ccccc2Cl)C1=O,28
Cc1ccccc1,7
Cc1ccncc1,7
c1ccncc1,6
O=C1NC(=O)C(=C2[NH+]=C(c3ccncc3)[N+](=O)c3ccccc32)NC1=O,26
O=C1NC(=C([N+][O-])c2cccc(Cl)c2)C(=O)N(c2ccccc2Cl)C1=O,26
O=[N+]1C(c2ccncc2)=[N+]([O-])Cc2cc(Cl)ccc21,19
C,1
O=C1NC(=C2[NH+]=C(c3ccncc3)[N+](=O)c3ccccc32)C(=O)N(c2ccccc2)C1=O,32
c1ccccc1,6
[O-],1
Cl,1
O=[N+]C(=[N+][O-])c1ccncc1,11
O=[N+](C(=[N+][O-])c1ccncc1)c1ccc(Cl)cc1,18
O=C1CNC(=O)C(=O)N1,9
Clc1ccccc1,7
O=C1NCC(=O)N(c2ccccc2Cl)C1=O,16
O=C1NCC(=O)N(c2ccccc2)C1=O,15
O=[N+]1C=[NH+]Cc2ccccc21,11
O=CN(C=O)c1ccccc1Cl,12
O=C1CNC(=C2c3cc(Cl)ccc3[N+](=O)C(c3ccncc3)=[N+]2[O-])C(=O)N1c1ccccc1Cl,34
NC(C(=O)N(C=O)c1ccccc1Cl)=C1c2cc(Cl)ccc2[N+](=O)C(c2ccncc2)=[N+]1[O-],33
O=[N+]1C(c2ccncc2)=[NH+]Cc2ccccc21,17
O,1
COC(=O)C[N+]=C1c2ccccc2C(c2ccc(F)cc2)=[N+]1[O-],23
[O-][N+]=Cc1ccc(F)cc1,10
Fc1ccccc1,7
c1ccc(C2=[NH+]Cc3ccccc32)cc1,15
Cc1ccccc1,7
Br,1
[O-][N+]1=C[N+](=C2c3ccccc3C(c3ccc(F)cc3)=[N+]2[O-])c2cc(Br)ccc21,28
COC(=O)C=[N+]([O-])c1ccc(Br)cc1,14
C,1
c1ccccc1,6
[O-],1
COC(=O)C1=[N+]([O-])c2ccc(Br)cc2[N+]1,15
F,1
COC(=O)C1=[N+]([O-])c2ccc(Br)cc2[N+]1=C1c2ccccc2C(c2ccc(F)cc2)=[N+]1[O-],32
C1=[NH+]c2ccccc2[N+]1=C1[NH+]=C(c2ccccc2)c2ccccc21,24
[N+][O-],2
COC(=O)C(=[N+][O-])[N+]=C1c2ccccc2C(c2ccc(F)cc2)=[N+]1[O-],25
[O-][N+]1=C(c2ccc(F)cc2)c2ccccc2C1,17
COC=O,4
O=C(O)C1=[N+]([O-])c2ccc(Br)cc2[N+]1=C1c2ccccc2C(c2ccc(F)cc2)=[N+]1[O-],31
C1=[NH+]Cc2ccccc21,9
O,1
O=C1Oc2ccccc2C(=O)C1=C1c2ccc(Cl)cc2C(c2ccc(O)cc2)=[N+]1[O-],30
O=C1CC(=O)c2ccccc2O1,12
c1ccc(C2=[NH+]Cc3ccccc32)cc1,15
Cc1ccccc1,7
COc1ccc(C2=[N+]([O-])Cc3ccc(Cl)cc32)cc1,19
CO,2
O=C1Oc2ccccc2C(=O)C1=C1[NH+]=C(c2ccccc2)c2ccccc21,27
C,1
c1ccccc1,6
[O-],1
Cl,1
O=COc1ccccc1C=O,11
COc1ccccc1,8
O=C1Oc2ccccc2C(=O)C1=C1c2ccc(Cl)cc2C=[N+]1[O-],23
COc1ccc(C2=[N+]([O-])C(=C3C(=O)Oc4ccccc4C3=O)c3ccc(Cl)cc32)cc1,31
COc1ccc(C(=[N+][O-])c2cccc(Cl)c2)cc1,18
O=C1Oc2ccccc2C(=O)C1=C([N+][O-])c1ccc(Cl)cc1,22
C1=[NH+]Cc2ccccc21,9
O=C1NCC(=C2c3ccc(F)cc3[N+](=O)C(c3ccccc3Cl)=[N+]2[O-])N1c1ccc(F)cc1,33
O,1
NC(=O)N(C=C1c2ccc(F)cc2[N+](=O)C(c2ccccc2Cl)=[N+]1[O-])c1ccc(F)cc1,32
O=[N+]C(=[N+][O-])c1ccccc1Cl,12
O=C1NC(=O)C(=C2[NH+]=C(c3ccccc3)[N+](=O)c3ccccc32)N1,24
Fc1ccccc1,7
O=[N+]1C(c2ccccc2)=[NH+]Cc2ccccc21,17
O=C1CNC(=O)N1,7
O=C1CN(c2ccccc2)C(=O)N1,13
O=C1CN(c2ccc(F)cc2)C(=O)N1,14
Cc1ccccc1,7
O=[N+]1C(c2ccccc2Cl)=[N+]([O-])C(=CNc2ccc(F)cc2)c2ccc(F)cc21,29
CN1C(=O)NC(=O)C1=C1[NH+]=C(c2ccccc2)[N+](=O)c2ccccc21,25
O=C1NC(=O)N(c2ccccc2)C1=C1[NH+]=C(c2ccccc2)[N+](=O)c2ccccc21,30
O=C1NC(=O)C(=C2c3ccc(F)cc3[N+](=O)C(c3ccccc3Cl)=[N+]2[O-])N1,27
O=CNC(=O)C=C1c2ccc(F)cc2[N+](=O)C(c2ccccc2Cl)=[N+]1[O-],26
C,1
O=[N+]1C(c2ccccc2Cl)=[N+]([O-])Cc2ccc(F)cc21,20
NC(=O)C=C1c2ccc(F)cc2[N+](=O)C(c2ccccc2Cl)=[N+]1[O-],24
c1ccccc1,6
[O-],1
Cl,1
O=C1NC(=O)N(c2ccccc2)C1=C1[NH+]=C[N+](=O)c2ccccc21,24
Clc1ccccc1,7
O=C1NC(=O)C(=C2[NH+]=C[N+](=O)c3ccccc32)N1,18
F,1
O=[N+]1C=[NH+]Cc2ccccc21,11
O=[N+](C(=[N+][O-])c1ccccc1Cl)c1cccc(F)c1,19
CN1CC(=O)NC1=O,8
O=C1NC(=O)N(c2ccc(F)cc2)C1=C1c2ccc(F)cc2[N+](=O)C(c2ccccc2Cl)=[N+]1[O-],34
Clc1ccccc1C[N+]=C(CC(=Cc1ccccc1)c1ccccc1)c1ccccc1,31
O,1
O=[N+]1C2=C(C(=Cc3ccccc3)c3ccccc31)C(c1ccccc1)=[N+](Cc1ccccc1Cl)C2,35
C[N+]1=C(c2ccccc2)C2=C(C1=O)[N+](=O)c1ccccc1C2,22
Cc1ccccc1,7
C=C1C2=C(C(=O)[N+](Cc3ccccc3Cl)=C2c2ccccc2)[N+](=O)c2ccccc21,30
C,1
c1ccccc1,6
Cl,1
Clc1ccccc1,7
C[N+]1=C(c2ccccc2)C2=C(C1=O)[N+](=O)c1ccccc1C2=Cc1ccccc1,29
O=[N+]1C=C(C(=[N+]Cc2ccccc2Cl)c2ccccc2)C(=Cc2ccccc2)c2ccccc21,34
Cc1ccccc1Cl,8
O=C1C2=C(C(=Cc3ccccc3)c3ccccc3[N+]2=O)C(c2ccccc2)=[N+]1Cc1ccccc1Cl,36
O=C1C2=C(Cc3ccccc3[N+]2=O)C(c2ccccc2)=[N+]1Cc1ccccc1,28
O=[N+]C1=CC(c2ccccc2)=[N+](Cc2ccccc2Cl)C1=O,22
O=C1C2=C(C(=Cc3ccccc3)c3ccccc3[N+]2=O)C(c2ccccc2)=[N+]1Cc1ccccc1,35
O=C[N+](Cc1ccccc1Cl)=C(CC=Cc1ccccc1)c1ccccc1,27
O,1
Cc1ccccc1,7
c1ccncc1,6
O=C1C(=C2[NH+]=C(c3ccccn3)[N+](=O)c3ccccc32)c2ccccc2Oc2ccccc21,33
O=[N+]1C(c2ccccn2)=[N+]([O-])C(=Cc2ccccc2Oc2ccccc2)c2c(Cl)cccc21,33
C,1
c1ccccc1,6
[O-],1
Cl,1
O=[N+]1C(c2ccccn2)=[N+]([O-])C(=Cc2ccccc2O)c2c(Cl)cccc21,27
Oc1ccccc1,7
O=[N+]C(c1ccccn1)=[N+]([O-])C=C1C(=O)c2ccccc2Oc2ccccc21,28
O=[N+]1C(c2ccccn2)=[NH+]Cc2ccccc21,17
O=[N+]1C=[NH+]Cc2ccccc21,11
O=[N+]c1cccc(Cl)c1C([N+][O-])=C1C(=O)c2ccccc2Oc2ccccc21,28
Cc1ccccn1,7
O=C1C(=C2c3c(Cl)cccc3[N+](=O)C(c3ccccn3)=[N+]2[O-])c2ccccc2Oc2ccccc21,35
O=[N+]1C(c2ccccn2)=[N+]([O-])Cc2c(Cl)cccc21,19
O=C1C(=C2c3c(Cl)cccc3[N+](=O)C=[N+]2[O-])c2ccccc2Oc2ccccc21,29
O=[N+]1C(c2ccccn2)=[N+]([O-])C(=C2Cc3ccccc3Oc3ccccc32)c2c(Cl)cccc21,34
O=C1Cc2ccccc2Oc2ccccc21,16
NC(C(=O)N[N+](=O)c1ccccc1)=C1[N+](=O)c2c(Cl)cccc2C(c2ccc(F)cc2)=[N+]1[O-],33
O,1
O=[N+]c1ccccc1,8
[O-][N+]=Cc1ccc(F)cc1,10
Fc1ccccc1,7
O=C1CNC(=O)N1,7
Cc1ccccc1,7
O=C1NC(=C[N+]([O-])=Cc2ccc(F)cc2)C(=O)N1[N+](=O)c1ccccc1,26
O=[N+]1C[N+]([O-])=C(c2ccc(F)cc2)c2cccc(Cl)c21,20
O=C1NC(=O)C(=C2Nc3ccccc3C(c3ccccc3)=[NH+]2)N1,23
O=[N+]c1c(Cl)cccc1C(=[N+][O-])c1ccc(F)cc1,19
C,1
O=C1C(=C2[N+](=O)c3c(Cl)cccc3C(c3ccc(F)cc3)=[N+]2[O-])NCN1[N+](=O)c1ccccc1,34
c1ccccc1,6
[O-],1
Cl,1
O=[N+]C([N+][O-])=C1NC(=O)N([N+](=O)c2ccccc2)C1=O,20
F,1
O=C1NC(=O)C(=C2[NH+]=C(c3ccccc3)c3ccccc3[N+]2=O)N1,24
O=[N+]C(=C1NC(=O)N([N+](=O)c2ccccc2)C1=O)[N+]([O-])=Cc1ccc(F)cc1,28
O=C1NC(=C2[N+](=O)c3c(Cl)cccc3C(c3ccc(F)cc3)=[N+]2[O-])C(=O)N1[N+](=O)c1ccccc1,35
O=C1NC(=C2[NH+]=C(c3ccccc3)c3ccccc3[N+]2=O)C(=O)N1[N+](=O)c1ccccc1,32
O=C1CNC(=O)N1[N+](=O)c1ccccc1,15
O=CN[N+](=O)c1ccccc1,11
O,1
O=C1C=CC(=C2c3ccccc3[N+](=O)C(=O)N2c2ccccc2)[N+](=O)N1,26
O=C1C=CC[N+](=O)N1,8
O=[N+]C(=O)N(C=C1C=CC(=O)N(c2ccc(F)cc2Br)[N+]1=O)c1ccccc1,28
O=[N+]C(=O)Nc1ccccc1,11
C=CC=C1c2cc(Br)ccc2[N+](=O)C(=O)N1c1ccccc1,22
Cc1ccccc1,7
O=C1C=CC[N+](=O)N1c1ccc(F)cc1Br,16
Fc1cccc(Br)c1,8
O=C1C=CC[N+](=O)N1c1ccccc1,14
Br,1
C=CC([N+]=O)=C1c2cc(Br)ccc2[N+](=O)C(=O)N1c1ccccc1,24
O=C1C=CC(=C2NC(=O)[N+](=O)c3ccccc32)[N+](=O)N1,20
C,1
c1ccccc1,6
O=C1C=CC(=C2NC(=O)[N+](=O)c3ccccc32)[N+](=O)N1c1ccccc1,26
O=C1C=CC(=C2c3cc(Br)ccc3[N+](=O)C(=O)N2c2ccccc2)[N+](=O)N1c1ccc(F)cc1Br,35
C=CC(=O)N([N+]=O)c1ccc(F)cc1Br,15
F,1
O=C1N(c2ccccc2)Cc2ccccc2[N+]1=O,18
O=C1N(c2ccccc2)C(=C2C=CCN(c3ccc(F)cc3Br)[N+]2=O)c2cc(Br)ccc2[N+]1=O,34
O=C1C=CC(=C2c3ccccc3[N+](=O)C(=O)N2c2ccccc2)[N+](=O)N1c1ccccc1,32
C=CC(=C1c2cc(Br)ccc2[N+](=O)C(=O)N1c1ccccc1)[N+](=O)Nc1ccc(F)cc1Br,33
O=C1N(c2ccccc2)Cc2cc(Br)ccc2[N+]1=O,19
O=C1NCc2ccccc2[N+]1=O,12
O=C1C(c2cccc(F)c2)=[N+]2C(=C(c3ccccc3)c3cccn3[B-]2(F)F)[N+]1=O,29
c1ccccc1,6
O=[N+]1CC(c2cccc(F)c2)=[N+]2C1=C(c1ccccc1)c1cccn1[B-]2(F)F,28
O,1
O=[N+]C1=C(c2ccccc2)c2cccn2[B-](F)(F)[N+]1,19
F[B-](F)n1cccc1,8
O=C1C(c2ccccc2)=[N+]2[BH2-]n3cccc3C(c3ccccc3)=C2[N+]1=O,26
Fc1ccccc1,7
O=C1C=[N+]2C(=C(c3ccccc3)c3cccn3[B-]2(F)F)[N+]1=O,22
O=[N+]C1=C(c2ccccc2)c2cccn2[B-](F)(F)[N+]1=Cc1cccc(F)c1,27
F[B-](F)n1cccc1Cc1ccccc1,15
F,1
C,1
O=C[N+](=O)C1=C(c2ccccc2)c2cccn2[B-](F)(F)[N+]1,21
Cc1ccccc1,7
O,1
Fc1ccccc1,7
O=[N+]1C(c2ccccc2)=[NH+]Cc2ccccc21,17
O=[N+]C(c1cccc(F)c1)=[N+]([O-])C=C1NC(=O)C(=O)N(c2ccccc2Cl)C1=O,29
NC(C(=O)N(C=O)c1ccccc1Cl)=C1c2ccc(Cl)cc2[N+](=O)C(c2cccc(F)c2)=[N+]1[O-],34
Cc1ccccc1,7
O=C1NC(=O)C(=C2[NH+]=C(c3ccccc3)[N+](=O)c3ccccc32)NC1=O,26
O=[N+]1C(c2cccc(F)c2)=[N+]([O-])Cc2ccc(Cl)cc21,20
C,1
c1ccccc1,6
[O-],1
Cl,1
O=C1CNC(=C2c3ccc(Cl)cc3[N+](=O)C(c3cccc(F)c3)=[N+]2[O-])C(=O)N1c1ccccc1Cl,35
O=[N+]C(=[N+][O-])c1cccc(F)c1,12
O=C1CNC(=O)C(=O)N1,9
Clc1ccccc1,7
O=C1NCC(=O)N(c2ccccc2Cl)C1=O,16
O=[N+](C(=[N+][O-])c1cccc(F)c1)c1cccc(Cl)c1,19
O=C1NCC(=O)N(c2ccccc2)C1=O,15
O=C1NC(=C2[NH+]=C(c3ccccc3)[N+](=O)c3ccccc32)C(=O)N(c2ccccc2)C1=O,32
F,1
O=CN(C=O)c1ccccc1Cl,12
O=[N+]1C=[NH+]Cc2ccccc21,11
O=C1NC(=C2c3ccc(Cl)cc3[N+](=O)C(c3cccc(F)c3)=[N+]2[O-])C(=O)N(c2ccccc2Cl)C1=O,36
O=C1NC(=C([N+][O-])c2ccc(Cl)cc2)C(=O)N(c2ccccc2Cl)C1=O,26
O,1
O=[N+]1C(c2ccccc2)=[N+]([O-])Cc2cc(Br)ccc21,19
O=[N+]1C(c2ccccc2)=[NH+]Cc2ccccc21,17
NC(=O)N(C(=O)C=C1c2cc(Br)ccc2[N+](=O)C(c2ccccc2)=[N+]1[O-])c1ccccn1,32
O=[N+](C(=[N+][O-])c1ccccc1)c1ccc(Br)cc1,18
O=C1NC(=O)N(c2ccccn2)C(=O)C1=C1[NH+]=C(c2ccccc2)[N+](=O)c2ccccc21,32
Cc1ccccc1,7
O=C1NC(=O)C(=C2c3cc(Br)ccc3[N+](=O)C(c3ccccc3)=[N+]2[O-])C(=O)N1,28
c1ccncc1,6
O=C1NC(=O)C(=C2[NH+]=C(c3ccccc3)[N+](=O)c3ccccc32)C(=O)N1,26
O=C(C=C1c2cc(Br)ccc2[N+](=O)C(c2ccccc2)=[N+]1[O-])Nc1ccccn1,29
Br,1
O=C1NCC(=C2c3cc(Br)ccc3[N+](=O)C(c3ccccc3)=[N+]2[O-])C(=O)N1c1ccccn1,33
C,1
c1ccccc1,6
[O-],1
O=[N+]C(=[N+][O-])c1ccccc1,11
O=C1NC(=O)N(c2ccccn2)C(=O)C1=C1c2cc(Br)ccc2[N+](=O)C(c2ccccc2)=[N+]1[O-],34
NC(=O)C(C=O)=C1c2cc(Br)ccc2[N+](=O)C(c2ccccc2)=[N+]1[O-],25
O=[N+]1C=[NH+]Cc2ccccc21,11
O=C1CC(=O)N(c2ccccn2)C(=O)N1,15
O=CNC(=O)C(C=O)=C1c2cc(Br)ccc2[N+](=O)C(c2ccccc2)=[N+]1[O-],27
O=C1CC(=O)NC(=O)N1,9
CN1C(=O)CC(=O)NC1=O,10
O=[N+]C(c1ccccc1)=[N+]([O-])C=C1C(=O)NC(=O)N(c2ccccn2)C1=O,27
CN1C(=O)NC(=O)C(=C2[NH+]=C(c3ccccc3)[N+](=O)c3ccccc32)C1=O,27
O=[N+]c1ccccc1C([N+][O-])=C1C(=O)N(c2ccccn2)C(=O)[n+]2ccccc21,29
O,1
O=C(Nc1ccccn1)[n+]1ccccc1C=C1c2ccccc2[N+](=O)C(c2ccncc2)=[N+]1[O-],34
O=[N+]1C(c2ccncc2)=[N+]([O-])Cc2ccccc21,18
Cc1ccccc1,7
Cc1ccncc1,7
c1ccncc1,6
O=[N+]C(c1ccncc1)=[N+]([O-])C=C1C(=O)N(c2ccccn2)C(=O)[n+]2ccccc21,30
O=C1Cc2cccc[n+]2C(=O)N1,12
C,1
O=[N+](C(=[N+][O-])c1ccncc1)c1ccccc1,17
O=CNc1ccccn1,9
O=C1Cc2cccc[n+]2C(=O)N1c1ccccn1,18
c1ccccc1,6
[O-],1
O=[N+]C(=[N+][O-])c1ccncc1,11
O=C1C(=C2c3ccccc3[N+](=O)C=[N+]2[O-])c2cccc[n+]2C(=O)N1c1ccccn1,30
O=[N+]1C=[NH+]Cc2ccccc21,11
O=C1C(=C2[NH+]=C(c3ccncc3)[N+](=O)c3ccccc32)c2cccc[n+]2C(=O)N1c1ccccn1,35
O=C1C(=C2c3ccccc3[N+](=O)C(c3ccncc3)=[N+]2[O-])c2cccc[n+]2C(=O)N1c1ccccn1,36
O=CN(C=O)c1ccccn1,11
Cc1ccccn1,7
O=C1NC(=O)[n+]2ccccc2C1=C1[NH+]=C(c2ccncc2)[N+](=O)c2ccccc21,29
O=C1N(c2ccccn2)CC(=C2c3ccccc3[N+](=O)C(c3ccncc3)=[N+]2[O-])c2cccc[n+]21,35
O=[N+]1C(c2ccncc2)=[NH+]Cc2ccccc21,17
O=C1C(=C2[N+]=C(c3ccc(Br)cc3Cl)c3ccccc3[N+]2=O)N(c2ccccc2)C(=O)N1O,33
O,1
Clc1cccc(Br)c1,8
O=C1CNC(=O)N1,7
O=C1CN(c2ccccc2)C(=O)N1,13
N[N+]1=Cc2ccccc2[N+](=O)C1=C1C(=O)N(O)C(=O)N1c1ccccc1,26
Cc1ccccc1,7
N[N+]1=C(c2ccc(Br)cc2Cl)c2ccccc2[N+](=O)C1,20
N[N+]C([N+]=O)=C1C(=O)N(O)C(=O)N1c1ccccc1,19
O=C1NC(=O)N(c2ccccc2)C1=C1[NH+]=C(c2ccccc2)c2ccccc2[N+]1=O,30
Br,1
N[N+]=C(c1ccc(Br)cc1Cl)c1ccccc1[N+]=O,19
C,1
O=C1CN(c2ccccc2)C(=O)N1O,14
c1ccccc1,6
O=[N+]c1ccccc1Cc1ccc(Br)cc1Cl,17
Cl,1
N[N+]1=C(c2ccc(Br)cc2Cl)c2ccccc2[N+](=O)C1=C1C(=O)N(O)C(=O)N1c1ccccc1,34
O=C1NC(=O)C(=C2[NH+]=C(c3ccccc3)c3ccccc3[N+]2=O)N1,24
N[N+]C(=C1C(=O)N(O)C(=O)N1c1ccccc1)[N+](=O)c1ccccc1,25
CN1CC(=O)NC1=O,8
N,1
O=C1NC(=O)N(c2ccccc2)C1=C1Nc2ccccc2C(c2ccccc2)=[NH+]1,29
O=C1NC(=O)C(=C2Nc3ccccc3C(c3ccccc3)=[NH+]2)N1,23
O,1
O=[N+]1C(c2ccccc2)=[NH+]Cc2ccccc21,17
O=[N+]1C(c2ccccc2)=[N+]([O-])Cc2ccccc21,18
Cc1ccccc1,7
O=[N+]1C=C([N+][O-])[N+](=O)c2ccc(Cl)cc2C1=C1c2ccccc2[N+](=O)C(c2ccccc2)=[N+]1[O-],34
O=[N+]1C=C([N+](=O)[O-])[N+](=O)c2ccc(Cl)cc2C1,17
C[N+](=O)C=C1c2ccccc2[N+](=O)C(c2ccccc2)=[N+]1[O-],22
C[N+](=O)C(=C1c2ccccc2[N+](=O)C(c2ccccc2)=[N+]1[O-])c1cccc(Cl)c1,29
C,1
C[N+](=O)C(=C1c2ccccc2[N+](=O)C(c2ccccc2)=[N+]1[O-])c1cc(Cl)ccc1[N+]=O,31
O=[N+]([O-])C1=C[N+](=O)C(=C2c3ccccc3[N+](=O)C(c3ccccc3)=[N+]2[O-])c2cc(Cl)ccc2[N+]1=O,35
c1ccccc1,6
[O-],1
Cl,1
O=[N+][O-],3
O=[N+]1C=C[N+](=O)c2ccccc2C1,13
O=[N+]1C=[NH+]Cc2ccccc21,11
O=[N+]C(c1ccccc1)=[N+]([O-])C=C1c2cc(Cl)ccc2[N+](=O)C([N+](=O)[O-])=C[N+]1=O,29
O=[N+]1C=C[N+](=O)c2ccccc2C1=C1[NH+]=C(c2ccccc2)[N+](=O)c2ccccc21,30
O=[N+]C=C([N+]=O)[N+](=O)[O-],9
CN1C(=O)N(c2ccccc2)C(=O)C(=C2[NH+]=C(c3ccccc3)[N+](=O)c3ccccc32)[N+]1=O,33
CN1C(=O)NC(=O)C(=C2[NH+]=C(c3ccccc3)[N+](=O)c3ccccc32)[N+]1=O,27
O=C1NC(=O)C(=C2[NH+]=C(c3ccccc3)[N+](=O)c3ccccc32)[N+](=O)N1,26
O,1
O=C1C[N+](=O)N(Cc2ccccn2)C(=O)N1c1ccccc1,22
CN1C(=O)N(c2ccc(Cl)cc2)C(=O)C(=C2c3ccc(Cl)cc3[N+](=O)C(c3ccc(F)cc3)=[N+]2[O-])[N+]1=O,37
Fc1ccccc1,7
O=[N+]1C(c2ccccc2)=[NH+]Cc2ccccc21,17
CN1C(=O)N(c2ccccc2)C(=O)C[N+]1=O,16
O=C1C[N+](=O)N(Cc2ccccn2)C(=O)N1c1ccc(Cl)cc1,23
Cc1ccccc1,7
CN1C(=O)NC(=O)C[N+]1=O,10
c1ccncc1,6
O=[N+]C(c1ccc(F)cc1)=[N+]([O-])C=C1C(=O)N(c2ccc(Cl)cc2)C(=O)N(Cc2ccccn2)[N+]1=O,36
O=C1N[N+](=O)C(=C2[NH+]=C(c3ccccc3)[N+](=O)c3ccccc32)C(=O)N1c1ccccc1,32
O=[N+]1C(c2ccc(F)cc2)=[N+]([O-])Cc2ccc(Cl)cc21,20
C,1
O=C1C[N+](=O)NC(=O)N1,9
c1ccccc1,6
[O-],1
Cl,1
O=[N+]C(=[N+][O-])c1ccc(F)cc1,12
O=C1C(=C2[NH+]=C(c3ccccc3)[N+](=O)c3ccccc32)[N+](=O)N(Cc2ccccn2)C(=O)N1c1ccccc1,39
O=C(NCc1ccccn1)Nc1ccc(Cl)cc1,18
Clc1ccccc1,7
O=C1C(=C2c3ccc(Cl)cc3[N+](=O)C(c3ccc(F)cc3)=[N+]2[O-])[N+](=O)N(Cc2ccccn2)C(=O)N1c1ccc(Cl)cc1,43
F,1
O=[N+]1C=[NH+]Cc2ccccc21,11
O=C1C[N+](=O)N(Cc2ccccn2)C(=O)N1,16
O=[N+](C(=[N+][O-])c1ccc(F)cc1)c1cccc(Cl)c1,19
O=C1NC(=O)N(Cc2ccccn2)[N+](=O)C1=C1[NH+]=C(c2ccccc2)[N+](=O)c2ccccc21,33
Cc1ccccn1,7
O=CN(Cc1ccccn1)[N+](=O)C=C1c2ccc(Cl)cc2[N+](=O)C(c2ccc(F)cc2)=[N+]1[O-],33
O=C1C[N+](=O)NC(=O)N1c1ccccc1,15
O=C1N(c2ccc(Cl)cc2)CC(=C2c3ccc(Cl)cc3[N+](=O)C(c3ccc(F)cc3)=[N+]2[O-])[N+](=O)N1Cc1ccccn1,42
O=C1N[N+](=O)C(=C2c3ccc(Cl)cc3[N+](=O)C(c3ccc(F)cc3)=[N+]2[O-])C(=O)N1c1ccc(Cl)cc1,36
O=C(Nc1ccc(Cl)cc1)N(Cc1ccccn1)[N+](=O)C=C1c2ccc(Cl)cc2[N+](=O)C(c2ccc(F)cc2)=[N+]1[O-],41
O,1
O=[N+](C(=[N+][O-])c1ccccc1)c1ccccc1Br,18
O=C1NC(=C2c3cccc(Br)c3[N+](=O)C(c3ccccc3)=[N+]2[O-])c2ccccc21,29
O=[N+]1C(c2ccccc2)=[NH+]Cc2ccccc21,17
CNC=C1c2cccc(Br)c2[N+](=O)C(c2ccccc2)=[N+]1[O-],22
Cc1ccccc1,7
C=C1c2cccc(Br)c2[N+](=O)C(c2ccccc2)=[N+]1[O-],20
O=[N+]1C(c2ccccc2)=[N+]([O-])C(=Cc2ccccc2)c2cccc(Br)c21,26
Br,1
C,1
c1ccccc1,6
[O-],1
O=C1NC(=C2[NH+]=C(c3ccccc3)[N+](=O)c3ccccc32)c2ccccc21,27
CN1Cc2ccccc2C1=O,11
O=[N+]1C=[NH+]Cc2ccccc21,11
CN(C=O)C=C1c2cccc(Br)c2[N+](=O)C(c2ccccc2)=[N+]1[O-],24
CN1C(=O)c2ccccc2C1=C1c2cccc(Br)c2[N+](=O)C(c2ccccc2)=[N+]1[O-],30
O=C1NCc2ccccc21,10
O=[N+]1C(c2ccccc2)=[N+]([O-])Cc2cccc(Br)c21,19
O=[N+]1C(=C([N+][O-])c2ccccc2)c2c(Br)cccc2C1Br,21
O,1
O=[N+]1Cc2ccccc2C1,10
Cc1ccccc1,7
CC(=[N+][O-])[N+](=O)c1ccccc1,12
Br,1
O=[N+]1C(=C[N+][O-])c2c(Br)cccc2C1Br,15
C,1
c1ccccc1,6
[O-],1
CC1=[N+]([O-])Cc2ccccc2[N+]1=O,13
O=[N+]1C=[N+]([O-])C(=C2c3c(Br)cccc3C(Br)[N+]2=O)c2ccccc21,24
CC1=[N+]([O-])C(=C[N+](=O)CBr)c2ccccc2[N+]1=O,18
CC([N+]=O)=[N+][O-],6
O=[N+]1C=[NH+]Cc2ccccc21,11
CC1=[N+]([O-])C(=C2c3c(Br)cccc3C(Br)[N+]2=O)c2ccccc2[N+]1=O,25
O=[N+]1Cc2c(Br)cccc2C1Br,12
O=[N+]1Cc2ccccc2C1=C1[NH+]=C[N+](=O)c2ccccc21,21
O,1
O=C[N+]([O-])=C(O)c1ccccc1,12
O=C1COC(c2ccccc2)=[N+]1[O-],13
O=C1COC(c2ccccc2)=[NH+]1,12
Cc1ccccc1,7
O=C1C(=C2c3ccc(Cl)cc3[N+](=O)C(=Cc3ccccc3)[N+]2=O)OC(c2ccccc2)=[N+]1[O-],33
O=[N+]1Cc2ccc(Cl)cc2[N+](=O)C1=Cc1ccccc1,20
O=[N+]C=C1OC(c2ccccc2)=[N+]([O-])C1=O,16
O=[N+]1C(=Cc2ccccc2)[N+](=O)c2cc(Cl)ccc2C1=C1C[N+]([O-])=C(c2ccccc2)O1,32
C,1
[O-][N+]=Cc1ccccc1,9
c1ccccc1,6
[O-],1
Cl,1
O=[N+]1Cc2ccccc2[N+](=O)C1=Cc1ccccc1,19
O=C1[NH+]=C(c2ccccc2)OC1=C1c2ccccc2[N+](=O)C(=Cc2ccccc2)[N+]1=O,31
O=[N+]C(=Cc1ccccc1)[N+](=O)c1cccc(Cl)c1,19
O=[N+]C(=Cc1ccccc1)[N+](=O)C=C1OC(c2ccccc2)=[N+]([O-])C1=O,26
O=[N+]C(=Cc1ccccc1)[N+]=O,12
O=[N+]1C(=COC(=[N+][O-])c2ccccc2)c2ccc(Cl)cc2[N+](=O)C1=Cc1ccccc1,31
COc1cccc(C2=C(c3ccccn3)[N+](=O)C(c3ccccc3)=[N+]2[O-])c1,27
c1ccccc1,6
COc1cccc(C2=C[N+](=O)C(c3ccccc3)=[N+]2[O-])c1,21
[O-],1
c1ccncc1,6
O=[N+](Cc1ccccn1)C(=[N+][O-])c1ccccc1,18
O,1
O=[N+]1C(c2ccccn2)=C[N+]([O-])=C1c1ccccc1,19
Cc1ccccn1,7
COc1cccc(C[N+]([O-])=C([N+]=O)c2ccccc2)c1,20
O=[N+]1C(c2ccccc2)=[NH+]C(c2ccccc2)=C1c1ccccn1,24
CO,2
C,1
O=[N+]1C(c2ccccn2)=C(c2cccc(O)c2)[N+]([O-])=C1c1ccccc1,26
Cc1ccccc1,7
O=C1NC(=C2[NH+]=Cc3ccccc3[N+]2=O)c2ccccc2[N+]1=O,23
O,1
O=C1NC(=C2[N+](=O)c3ccccc3C(Cl)=[N+]2[O-])c2ccccc2[N+]1=O,25
O=[N+]1C[N+]([O-])=C(Cl)c2ccccc21,13
O=C1N(c2ccccc2)C(=C2[NH+]=Cc3ccccc3[N+]2=O)c2ccccc2[N+]1=O,29
O=[N+]C(=O)Nc1ccccc1,11
O=[N+]c1ccccc1C(Cl)=[N+][O-],12
Cc1ccccc1,7
O=[N+]1CN(c2ccccc2)C(=C2[N+](=O)c3ccccc3C(Cl)=[N+]2[O-])c2ccccc21,30
C,1
O=[N+]c1ccccc1C(Nc1ccccc1)=C1[N+](=O)c2ccccc2C(Cl)=[N+]1[O-],29
c1ccccc1,6
[O-],1
Cl,1
O=C[N+](=O)c1ccccc1C=C1[N+](=O)c2ccccc2C(Cl)=[N+]1[O-],24
O=[N+]c1ccccc1C=C1[N+](=O)c2ccccc2C(Cl)=[N+]1[O-],22
O=C1N(c2ccccc2)Cc2ccccc2[N+]1=O,18
O=C1N(c2ccccc2)C(=C2[N+](=O)c3ccccc3C(Cl)=[N+]2[O-])c2ccccc2[N+]1=O,31
O=C1NCc2ccccc2[N+]1=O,12
O,1
O=C1Cc2ccc(Cl)cc2N1O,12
O=[N+]1C(c2ccccn2)=[N+]([O-])C(=Cc2ccc(Cl)cc2NO)c2cc(Cl)ccc21,29
O=C1Nc2ccccc2C1=C1[NH+]=C(c2ccccn2)[N+](=O)c2ccccc21,27
O=[N+]1C(c2ccccn2)=[N+]([O-])Cc2cc(Cl)ccc21,19
Cc1ccccc1,7
c1ccncc1,6
O=CNO,4
O=C1C(=C2c3cc(Cl)ccc3[N+](=O)C(c3ccccn3)=[N+]2[O-])c2ccc(Cl)cc2N1O,31
O=[N+](C(=[N+][O-])c1ccccn1)c1ccc(Cl)cc1,18
C,1
c1ccccc1,6
[O-],1
Cl,1
O=C1C(=C2c3cc(Cl)ccc3[N+](=O)C=[N+]2[O-])c2ccc(Cl)cc2N1O,25
O=C1Cc2ccccc2N1,10
O=[N+]c1ccc(Cl)cc1C([N+][O-])=C1C(=O)N(O)c2cc(Cl)ccc21,24
O=[N+]1C(c2ccccn2)=[NH+]Cc2ccccc21,17
O=[N+]1C=[NH+]Cc2ccccc21,11
Cc1ccccn1,7
NO,2
O=[N+]C(c1ccccn1)=[N+]([O-])C=C1C(=O)N(O)c2cc(Cl)ccc21,24
O=[N+]1C(c2ccccn2)=[N+]([O-])C(=C2CN(O)c3cc(Cl)ccc32)c2cc(Cl)ccc21,30
O,1
O=C1NC(=O)N(c2ccccc2O)C1=C1c2cc(Cl)ccc2[N+](=O)C(Br)=[N+]1[O-],28
O=C1CN(c2ccccc2O)C(=O)N1,14
O=C1CNC(=O)N1,7
O=[N+]1C(Br)=[N+]([O-])C(=CNc2ccccc2O)c2cc(Cl)ccc21,23
O=C1CN(c2ccccc2)C(=O)N1,13
Cc1ccccc1,7
O=[N+]1C(Br)=[N+]([O-])Cc2cc(Cl)ccc21,14
Br,1
O=[N+](C(Br)=[N+][O-])c1ccc(Cl)cc1,13
O=CNC(=O)C=C1c2cc(Cl)ccc2[N+](=O)C(Br)=[N+]1[O-],20
C,1
c1ccccc1,6
O=C1NCC(=C2c3cc(Cl)ccc3[N+](=O)C(Br)=[N+]2[O-])N1c1ccccc1O,27
Cl,1
NC(=O)N(C=C1c2cc(Cl)ccc2[N+](=O)C(Br)=[N+]1[O-])c1ccccc1O,26
[O-],1
O=C1NC(=O)N(c2ccccc2)C1=C1[NH+]=C[N+](=O)c2ccccc21,24
O=C1NC(=O)C(=C2[NH+]=C[N+](=O)c3ccccc32)N1,18
NC(=O)C=C1c2cc(Cl)ccc2[N+](=O)C(Br)=[N+]1[O-],18
Oc1ccccc1,7
O=[N+]1C=[NH+]Cc2ccccc21,11
CN1CC(=O)NC1=O,8
O=C1NC(=O)C(=C2c3cc(Cl)ccc3[N+](=O)C(Br)=[N+]2[O-])N1,21
O=[N+]C(Br)=[N+][O-],6
O,1
CC(=C1c2cc(Cl)ccc2[N+](=O)C(c2ccccc2Cl)=[N+]1[O-])c1ccccc1,28
O=[N+]1C(c2ccccc2)=[NH+]Cc2ccccc21,17
O=[N+]1C(c2ccccc2Cl)=[N+]([O-])C(=C2C=C(c3ccccc3)Cc3ccccc32)c2cc(Cl)ccc21,36
Cc1ccccc1,7
O=C1C(c2ccccc2)=CC(=C2c3cc(Cl)ccc3[N+](=O)C(c3ccccc3Cl)=[N+]2[O-])c2ccccc21,37
O=[N+]1C(c2ccccc2Cl)=[N+]([O-])C(=CC=Cc2ccccc2)c2cc(Cl)ccc21,29
C,1
c1ccccc1,6
O=C1C(c2ccccc2)=CC(=C2[NH+]=C(c3ccccc3)[N+](=O)c3ccccc32)c2ccccc21,34
[O-],1
Cl,1
Clc1ccccc1,7
O=[N+]1C=[NH+]Cc2ccccc21,11
O=[N+]1C(c2ccccc2Cl)=[N+]([O-])C(=C(C=Cc2ccccc2)c2ccccc2)c2cc(Cl)ccc21,35
O=[N+]1C(c2ccccc2Cl)=[N+]([O-])Cc2cc(Cl)ccc21,20
O=C1C=CC(=C2c3cc(Cl)ccc3[N+](=O)C(c3ccccc3Cl)=[N+]2[O-])c2ccccc21,31
O=C1C(c2ccccc2)=CCc2ccccc21,17
O=C1C(=c2c3ccccc3c(=C3[N+](=O)c4c(Cl)cccc4C(c4ccccc4)=[N+]3[O-])n2-c2ccccc2)CNN1Cc1ccccc1,47
O=C1NN(Cc2ccccc2)C(=O)C1=c1c2ccccc2c(=C2[NH+]=C(c3ccccc3)c3ccccc3[N+]2=O)n1-c1ccccc1,46
O,1
O=CC=c1c2ccccc2c(=C2[N+](=O)c3c(Cl)cccc3C(c3ccccc3)=[N+]2[O-])n1-c1ccccc1,37
Cc1ccccc1,7
CN1NC(=O)C(=c2[nH]c(=C3[NH+]=C(c4ccccc4)c4ccccc4[N+]3=O)c3ccccc23)C1=O,34
CN1NC(=O)C(=c2c3ccccc3c(=C3[NH+]=C(c4ccccc4)c4ccccc4[N+]3=O)n2-c2ccccc2)C1=O,40
O=C1NN(Cc2ccccc2)C(=O)C1=c1[nH]c(=C2[NH+]=C(c3ccccc3)c3ccccc3[N+]2=O)c2ccccc12,40
NC(=O)C(C=O)=c1c2ccccc2c(=C2[N+](=O)c3c(Cl)cccc3C(c3ccccc3)=[N+]2[O-])n1-c1ccccc1,40
O=C1NNC(=O)C1=c1c2ccccc2c(=C2[NH+]=C(c3ccccc3)c3ccccc3[N+]2=O)n1-c1ccccc1,39
C,1
c1ccccc1,6
[O-],1
Cl,1
O=CNN(C=O)Cc1ccccc1,13
O=[N+]1C[N+]([O-])=C(c2ccccc2)c2cccc(Cl)c21,19
O=C1NNC(=O)C1=c1c2ccccc2c(=C2[N+](=O)c3c(Cl)cccc3C(c3ccccc3)=[N+]2[O-])n1-c1ccccc1,41
O=C1NN(Cc2ccccc2)C(=O)C1=c1c2ccccc2c(=C2[N+](=O)c3c(Cl)cccc3C(c3ccccc3)=[N+]2[O-])n1-c1ccccc1,48
O=[N+]c1c(Cl)cccc1C(=[N+][O-])c1ccccc1,18
O=C1NNC(=O)C1=c1[nH]c(=C2[NH+]=C(c3ccccc3)c3ccccc3[N+]2=O)c2ccccc12,33
NN(Cc1ccccc1)C(=O)C=c1c2ccccc2c(=C2[N+](=O)c3c(Cl)cccc3C(c3ccccc3)=[N+]2[O-])n1-c1ccccc1,46
CN1NC(=O)C(=c2c3ccccc3c(=C3[N+](=O)c4c(Cl)cccc4C(c4ccccc4)=[N+]3[O-])n2-c2ccccc2)C1=O,42
O=C1C[N+](=O)c2ccc(Cl)cc21,12
O=[N+]C(c1ccc(F)cc1F)=[N+]([O-])C=C1C(=O)c2cc(Cl)ccc2[N+]1=O,26
O,1
O=[N+](C=C1c2ccccc2[N+](=O)C(c2ccc(F)cc2F)=[N+]1[O-])c1ccc(Cl)cc1,30
O=[N+]C=C1c2ccccc2[N+](=O)C(c2ccc(F)cc2F)=[N+]1[O-],23
O=[N+]1C(c2ccccc2)=[NH+]Cc2ccccc21,17
Fc1cccc(F)c1,8
Cc1ccccc1,7
O=[N+]1C(c2ccc(F)cc2F)=[N+]([O-])Cc2ccccc21,20
O=C1C[N+](=O)c2ccccc21,11
O=[N+]1C(=C2c3ccccc3[N+](=O)C(c3ccc(F)cc3F)=[N+]2[O-])Cc2cc(Cl)ccc21,31
C,1
c1ccccc1,6
O=C1C(=C2c3ccccc3[N+](=O)C(c3ccc(F)cc3F)=[N+]2[O-])[N+](=O)c2ccc(Cl)cc21,32
Cl,1
[O-],1
O=[N+](C(=[N+][O-])c1ccc(F)cc1F)c1ccccc1,19
Clc1ccccc1,7
O=C1C(=C2[NH+]=C(c3ccccc3)[N+](=O)c3ccccc32)[N+](=O)c2ccccc21,28
F,1
O=[N+]1C=[NH+]Cc2ccccc21,11
[N+]=O,2
c1ccccc1,6
[N+][O-],2
F[B-](F)n1c(Cl)ccc1Cc1ccccc1,16
[O-][N+]1=C([N+]2=C(c3ccccc3)c3ccc(Cl)n3[B-]2(F)F)Cc2ccccc21,27
Cl,1
O,1
[O-],1
O=C1C([N+]2=Cc3ccc(Cl)n3[B-]2(F)F)=[N+]([O-])c2ccccc21,22
O=C1C([N+]2=C(c3ccccc3)c3cccn3[BH2-]2)=[NH+]c2ccccc21,24
[O-][N+]c1ccccc1,8
F[B-]1(F)[N+]=C(c2ccccc2)c2ccc(Cl)n21,17
[O-][N+]=C[N+]1=C(c2ccccc2)c2ccc(Cl)n2[B-]1(F)F,20
F,1
O=C1C([N+]2=C(c3ccccc3)c3ccc(Cl)n3[B-]2(F)F)=[N+]([O-])c2ccccc21,28
C,1
[O-][N+](=C[N+]1=C(c2ccccc2)c2ccc(Cl)n2[B-]1(F)F)c1ccccc1,26
Cc1ccccc1,7
Nc1ccc(F)cc1Cl,9
O,1
Fc1cccc(Cl)c1,8
O=[N+]1Cc2ccccc2C1,10
O=C1C(=C2c3ccccc3C(=Nc3ccccc3)[N+]2=O)N(c2ccccc2)C(=O)N1c1ccccc1,36
O=[N+]1Cc2ccccc2C1=Nc1ccccc1,17
Fc1ccccc1,7
O=C1CNC(=O)N1,7
O=C1CN(c2ccccc2)C(=O)N1,13
Cc1ccccc1,7
O=CN(C=C1c2ccccc2C(=Nc2ccc(F)cc2Cl)[N+]1=O)c1ccccc1,29
O=C1CNC(=O)N1c1ccccc1,13
O=C(Nc1ccc(F)cc1)N(C=C1c2ccccc2C(=Nc2ccc(F)cc2Cl)[N+]1=O)c1ccccc1,37
CN1C(=O)CNC1=O,8
O=C1CN(c2ccccc2)C(=O)N1c1ccc(F)cc1,20
O=[N+]C(=Nc1ccc(F)cc1Cl)c1ccccc1,18
O=C1CN(c2ccccc2)C(=O)N1c1ccccc1,19
C,1
O=[N+]1Cc2ccccc2C1=Nc1ccc(F)cc1Cl,19
c1ccccc1,6
Cl,1
O=C1C(=C2c3ccccc3C(=Nc3ccc(F)cc3Cl)[N+]2=O)N(c2ccccc2)C(=O)N1c1ccc(F)cc1,39
O=CN(C(=O)Nc1ccccc1)c1ccc(F)cc1,19
O=C1NC(=O)C(=C2c3ccccc3C(=Nc3ccccc3)[N+]2=O)N1,24
O=CNc1ccc(F)cc1,10
O=C1NC(=C2c3ccccc3C(=Nc3ccccc3)[N+]2=O)C(=O)N1c1ccccc1,30
CN1CC(=O)N(C)C1=O,9
F,1
CN1CC(=O)NC1=O,8
O=C1C(=C[N+](=O)C=Nc2ccc(F)cc2Cl)N(c2ccccc2)C(=O)N1c1ccc(F)cc1,33
O=C1N(c2ccc(F)cc2)CC(=C2c3ccccc3C(=Nc3ccc(F)cc3Cl)[N+]2=O)N1c1ccccc1,38
O=C1NC(=O)N(c2ccccc2)C1=C1c2ccccc2C(=Nc2ccccc2)[N+]1=O,30
O=[N+]C=Nc1ccc(F)cc1Cl,12
CN1C(=O)CN(c2ccccc2)C1=O,14
c1ccccc1,6
NC(=C1C=C(c2ccccc2)N([O-])C1=O)[N+]([O-])=Cc1ccccc1,24
[O-],1
O=C1NC(=C2C=C(c3ccccc3)NC2=O)[NH+]=C1c1ccccc1,24
O,1
C=C(c1ccccc1)N([O-])C=O,12
NC(=O)C(=[N+][O-])c1ccccc1,12
NC([N+][O-])=C1C=C(c2ccccc2)N([O-])C1=O,17
O=C1C(=C2NCC(c3ccccc3)=[N+]2[O-])C=C(c2ccccc2)N1[O-],25
O=C1NC(=C2C=CN([O-])C2=O)[N+]([O-])=C1c1ccccc1,20
CC(C(=O)N[O-])=C1NC(=O)C(c2ccccc2)=[N+]1[O-],19
[O-][N+]=Cc1ccccc1,9
O=C1CC=C(c2ccccc2)N1[O-],13
O=C1NC(=C2C=C(c3ccccc3)N([O-])C2=O)[N+]([O-])=C1c1ccccc1,26
C,1
Cc1ccccc1,7
c1ccccc1,6
Cl,1
Nc1ccccc1NC=C1NOc2cc(Cl)ccc2C1=O,21
O,1
O=C1CNOc2ccccc21,11
O=C1CNc2ccccc2N1,11
NC(=O)C(N)=C1NOc2cc(Cl)ccc2C1=O,17
Nc1ccccc1NC=O,10
NC=C1NOc2cc(Cl)ccc2C1=O,14
O=C1Nc2ccccc2NC1=C1NOc2cc(Cl)ccc2C1=O,23
NC(C=O)=C1NOc2cc(Cl)ccc2C1=O,16
O=C1Nc2ccccc2NC1=CNO,14
O=C1Nc2ccccc2NC1=C1NOc2ccccc2C1=O,22
O=C1CNOc2cc(Cl)ccc21,12
O=C1C(=C2CNc3ccccc3N2)NOc2cc(Cl)ccc21,22
C,1
Cc1ccccc1,7
O=C1C(=C([N+][O-])c2ccccc2)N(Cc2ccccc2Cl)C(=O)N1Cc1ccccc1,31
O,1
O=C1NC(=O)C(=C2[NH+]=C(c3ccccc3)Oc3ccccc32)N1,23
O=C1CNC(=O)N1,7
Cc1ccccc1,7
CN1C(=O)C(=C2[NH+]=C(c3ccccc3)Oc3ccccc32)N(Cc2ccccc2)C1=O,31
[O-][N+]1=C(c2cccc(Br)c2)Oc2ccccc2C1,18
O=C1C(=C[N+]([O-])=C(O)c2cccc(Br)c2)N(Cc2ccccc2Cl)C(=O)N1Cc1ccccc1,34
CN1C(=O)CNC1=O,8
CN1C(=O)C(=C2[NH+]=C(c3ccccc3)Oc3ccccc32)N(C)C1=O,25
Br,1
O=C1NC(=C2[NH+]=C(c3ccccc3)Oc3ccccc32)C(=O)N1Cc1ccccc1,30
[O-][N+]=C(Oc1ccccc1)c1cccc(Br)c1,17
O=C1C(=C2c3ccccc3OC(c3cccc(Br)c3)=[N+]2[O-])N(Cc2ccccc2Cl)C(=O)N1Cc1ccccc1,40
C,1
c1ccccc1,6
O=C1CN(Cc2ccccc2Cl)C(=O)N1Cc1ccccc1,22
Cl,1
[O-],1
Clc1ccccc1,7
O=C1CNC(=O)N1Cc1ccccc1,14
CN1CC(=O)N(Cc2ccccc2)C1=O,15
O=C1C(=C2[NH+]=C(c3ccccc3)Oc3ccccc32)N(Cc2ccccc2)C(=O)N1Cc1ccccc1,37
CN1CC(=O)N(C)C1=O,9
Cc1ccccc1Cl,8
CN1C(=O)N(Cc2ccccc2)C(=O)C1=C1[NH+]=C(c2ccccc2)Oc2ccccc21,31
CN1CC(=O)NC1=O,8
O=C1CN(Cc2ccccc2)C(=O)N1Cc1ccccc1,21
O=CNCc1ccccc1,10
[O-][N+]=C(O)c1cccc(Br)c1,11
O=C1NC(=O)N(Cc2ccccc2)C1=C1[NH+]=C(c2ccccc2)Oc2ccccc21,30
O=C1CN(Cc2ccccc2)C(=O)N1,14
c1ccc(C2=[NH+]Cc3ccccc3O2)cc1,16
O=C1N(Cc2ccccc2)CC(=C2c3ccccc3OC(c3cccc(Br)c3)=[N+]2[O-])N1Cc1ccccc1Cl,39
CN1C(=O)NC(=O)C1=C1[NH+]=C(c2ccccc2)Oc2ccccc21,24
O=C(NCc1ccccc1)N(C=C1c2ccccc2OC(c2cccc(Br)c2)=[N+]1[O-])Cc1ccccc1Cl,38
CN1C(=O)NC(=C2[NH+]=C(c3ccccc3)Oc3ccccc32)C1=O,24
CN1C(=O)CN(Cc2ccccc2)C1=O,15
c1ccccc1,6
Cc1ccccc1C1=[SH][SH]=C(c2ccc(Br)cc2)[N+](=O)C1=Cc1ccc(Br)cc1,29
O,1
Cc1ccc(Br)cc1,8
O=[N+]1C(=Cc2ccc(Br)cc2)C(c2ccccc2)=[SH][SH]=C1c1ccc(Br)cc1,28
O=[N+]1CC(c2ccccc2)=[SH][SH]=C1c1ccccc1,19
O=[N+]1C(=Cc2ccc(Br)cc2)C=[SH][SH]=C1c1ccc(Br)cc1,22
O=[N+]1C(=Cc2ccccc2)C(c2ccccc2)=[SH][SH]=C1c1ccccc1,26
Br,1
Cc1ccccc1C(C=Cc1ccc(Br)cc1)=[SH]S,19
C,1
Cc1ccccc1,7
O,1
O=C1NC(=O)N(c2ccccc2)C(=O)C1=C1[NH+]=C(c2ccccc2)[N+](=O)c2ccccc21,32
Fc1ccccc1,7
O=[N+]1C(c2ccccc2)=[NH+]Cc2ccccc21,17
O=C1C(=C2c3ccccc3[N+](=O)C(c3ccccc3F)=[N+]2[O-])CN(c2ccccc2Cl)C(=O)N1[N+](=O)c1ccc(F)cc1,43
O=[N+]C(c1ccccc1F)=[N+]([O-])C=C1C(=O)N(c2ccccc2Cl)C(=O)N([N+](=O)c2ccc(F)cc2)C1=O,38
O=C1CC(=O)N(c2ccccc2)C(=O)N1,15
Cc1ccccc1,7
O=C1NC(=O)C(=C2[NH+]=C(c3ccccc3)[N+](=O)c3ccccc32)C(=O)N1,26
O=[N+]c1ccc(F)cc1,9
O=C1CC(=O)N([N+](=O)c2ccccc2)C(=O)N1c1ccccc1,23
C,1
O=C1CC(=O)N([N+](=O)c2ccc(F)cc2)C(=O)N1c1ccccc1Cl,25
c1ccccc1,6
[O-],1
Cl,1
Clc1ccccc1,7
O=C1C(=C2[NH+]=C(c3ccccc3)[N+](=O)c3ccccc32)C(=O)N([N+](=O)c2ccccc2)C(=O)N1c1ccccc1,40
O=[N+]C(=[N+][O-])c1ccccc1F,12
O=C(C=C1c2ccccc2[N+](=O)C(c2ccccc2F)=[N+]1[O-])N(C(=O)Nc1ccccc1Cl)[N+](=O)c1ccc(F)cc1,42
F,1
O=[N+]1C=[NH+]Cc2ccccc21,11
O=[N+](C(=[N+][O-])c1ccccc1F)c1ccccc1,18
O=C1NC(=O)N([N+](=O)c2ccccc2)C(=O)C1=C1[NH+]=C(c2ccccc2)[N+](=O)c2ccccc21,34
O=C1CC(=O)NC(=O)N1,9
O=C1C(=C2c3ccccc3[N+](=O)C(c3ccccc3F)=[N+]2[O-])C(=O)N([N+](=O)c2ccc(F)cc2)C(=O)N1c1ccccc1Cl,44
CN1C(=O)CC(=O)NC1=O,10
O=CN(C(=O)C=C1c2ccccc2[N+](=O)C(c2ccccc2F)=[N+]1[O-])[N+](=O)c1ccc(F)cc1,34
O=C(Nc1ccccc1Cl)N[N+](=O)c1ccc(F)cc1,20
O=[N+]1C(c2ccccc2F)=[N+]([O-])Cc2ccccc21,19
O=C1CC(=O)N([N+](=O)c2ccccc2)C(=O)N1,17
CN1C(=O)NC(=O)C(=C2[NH+]=C(c3ccccc3)[N+](=O)c3ccccc32)C1=O,27
c1ccccc1,6
O=[N+]1CC=C(c2ccccc2)[NH+]=C1c1ccccc1,19
CC=C([N+][O-])c1ccccc1Cl,12
Cl,1
[O-],1
O,1
[O-][N+]1=C(c2ccc(Cl)cc2)[N+]CC=C1c1ccccc1Cl,21
O=[N+]1CC=C(c2ccccc2Cl)[N+]([O-])=C1c1ccc(Cl)cc1,22
O=[N+]1CC=C[N+]([O-])=C1c1ccc(Cl)cc1,15
CC[N+](=O)C(=[N+][O-])c1ccc(Cl)cc1,14
C=C(c1ccccc1Cl)[N+]([O-])=C([N+]=O)c1ccc(Cl)cc1,21
[O-][N+](=Cc1ccc(Cl)cc1)Cc1ccccc1Cl,18
C,1
Cc1ccccc1,7
Brc1cccc(Cc2ccccc2)c1,14
O,1
[O-][N+]1=C2C(=C(c3cccc(Br)c3)c3ccccc32)CC1=Cc1ccc(Cl)cc1,28
O=CC(=Cc1ccc(Cl)cc1)[N+][O-],13
[O-][N+](C=Cc1ccc(Cl)cc1)=C1C=C(c2cccc(Br)c2)c2ccccc21,27
Cc1ccccc1,7
O=C1C(=Cc2ccccc2)[NH+]=C2C1=C(c1ccccc1)c1ccccc12,26
O=C1C[NH+]=C2C1=C(c1ccccc1)c1ccccc12,19
Br,1
Cc1ccc(Cl)cc1,8
Brc1ccccc1,7
C,1
c1ccccc1,6
[O-],1
Cl,1
Brc1cccc(C2=CCc3ccccc32)c1,16
O=C1C[N+]([O-])=C2C1=C(c1cccc(Br)c1)c1ccccc12,21
Clc1ccccc1,7
O=CC=Cc1ccc(Cl)cc1,11
Cc1cccc(Br)c1,8
O=C1C(=Cc2ccc(Cl)cc2)[N+]([O-])=C2C1=C(c1cccc(Br)c1)c1ccccc12,29
C=C1C(=O)C2=C(c3cccc(Br)c3)c3ccccc3C2=[N+]1[O-],22
O=C1C(=C2c3c(Cl)cccc3C(c3ccncc3)=[N+]2[O-])[N+](=O)N(c2cccnc2)C(=O)N1c1ccccc1,38
O,1
O=C(Nc1ccccc1)N(c1cccnc1)[N+](=O)C=C1c2c(Cl)cccc2C(c2ccncc2)=[N+]1[O-],36
O=CN(c1cccnc1)[N+](=O)C=C1c2c(Cl)cccc2C(c2ccncc2)=[N+]1[O-],29
CN1C(=O)N(c2ccccc2)C(=O)C[N+]1=O,16
Cc1ccccc1,7
Cc1ccncc1,7
c1ccncc1,6
CN1C(=O)NC(=O)C[N+]1=O,10
C,1
O=C1C[N+](=O)NC(=O)N1,9
c1ccccc1,6
[O-],1
Cl,1
O=CN(C(=O)N([N+]=O)c1cccnc1)c1ccccc1,20
O=C1C[N+](=O)N(c2cccnc2)C(=O)N1c1ccccc1,21
[O-][N+]=Cc1ccncc1,9
[O-][N+]=C(c1ccncc1)c1cccc(Cl)c1,16
O=C1C(=C2c3c(Cl)cccc3C=[N+]2[O-])[N+](=O)N(c2cccnc2)C(=O)N1c1ccccc1,32
O=C1N[N+](=O)C(=C2[NH+]=C(c3ccncc3)c3ccccc32)C(=O)N1c1ccccc1,30
O=C1C[N+](=O)N(c2cccnc2)C(=O)N1,15
O=C1C(=C[N+]([O-])=Cc2ccncc2)[N+](=O)N(c2cccnc2)C(=O)N1c1ccccc1,31
[O-][N+]1=C(c2ccncc2)c2cccc(Cl)c2C1,17
O=C1C(=C2[NH+]=C(c3ccncc3)c3ccccc32)[N+](=O)N(c2cccnc2)C(=O)N1c1ccccc1,36
O=C1NC(=O)C(=C2[NH+]=C(c3ccncc3)c3ccccc32)[N+](=O)N1,24
O=C1N(c2ccccc2)CC(=C2c3c(Cl)cccc3C(c3ccncc3)=[N+]2[O-])[N+](=O)N1c1cccnc1,37
c1ccc2c(c1)C[NH+]=C2c1ccncc1,15
O=C(Nc1ccccc1)Nc1cccnc1,16
O=C1C[N+](=O)NC(=O)N1c1ccccc1,15
C1=[NH+]Cc2ccccc21,9
O=C1C(=C([N+][O-])c2ccccc2Cl)[N+](=O)N(c2cccnc2)C(=O)N1c1ccccc1,31
O=C1NC(=O)N(c2cccnc2)[N+](=O)C1=C1[NH+]=C(c2ccncc2)c2ccccc21,30
O,1
O=[N+]c1ccccc1,8
O=C1Cc2cc(Cl)ccc2C1(F)F,13
NC(=O)[N+](=O)c1ccccc1,11
O=CC(F)(F)c1ccc(Cl)cc1,12
Cc1ccccc1,7
O=C1Cc2ccccc2C1,10
NC(=O)[N+]=O,5
O=C1Cc2ccccc2C1=C1NC(=O)[N+](=O)c2ccccc21,22
O=C1C(=C2NC[N+](=O)c3ccccc32)c2cc(Cl)ccc2C1(F)F,24
C,1
c1ccccc1,6
Cl,1
O=C1NC(=C2C(=O)C(F)(F)c3ccc(Cl)cc32)c2ccccc2[N+]1=O,25
NC=C1C(=O)C(F)(F)c2ccc(Cl)cc21,15
F,1
O=C(C=C1NC(=O)[N+](=O)c2ccccc21)C(F)F,18
NC(=C1C(=O)C(F)(F)c2ccc(Cl)cc21)c1ccccc1[N+]=O,23
O=C1NCc2ccccc2[N+]1=O,12
[O-][N+]=Cc1ccc(Cl)c(Cl)c1,11
O,1
CN1C(=O)N(C)C(=C[N+]([O-])=Cc2ccc(Cl)c(Cl)c2)[N+](=O)C1=O,23
CNC(=C1c2ccc(Cl)cc2C(c2ccc(Cl)c(Cl)c2)=[N+]1[O-])[N+](=O)C=O,26
c1ccc(C2=[NH+]Cc3ccccc32)cc1,15
Cc1ccccc1,7
CN1C(=O)NC(=O)[N+](=O)C1=C1c2ccc(Cl)cc2C(c2ccc(Cl)c(Cl)c2)=[N+]1[O-],29
CN1C[N+](=O)C(=O)N(C)C1=O,11
CNC(=O)N(C)C(=O)[N+]=O,10
C,1
Clc1ccccc1Cl,8
c1ccccc1,6
[O-],1
Cl,1
[O-][N+]=C(c1cccc(Cl)c1)c1ccc(Cl)c(Cl)c1,18
O=C1NC(=O)[N+](=O)C(=C2[NH+]=C(c3ccccc3)c3ccccc32)N1,24
C1=[NH+]Cc2ccccc21,9
CN1C(=O)N(C)C(=C2c3ccc(Cl)cc3C(c3ccc(Cl)c(Cl)c3)=[N+]2[O-])[N+](=O)C1=O,30
c1ccccc1,6
O=C1C=C(c2ccccc2)[N+]1=C1C=C(c2ccc(F)cc2)[N+](=O)c2ccccc21,29
O,1
O=C[N+](Cc1ccccc1)=C1C=C(c2ccc(F)cc2)[N+](=O)c2ccccc21,28
O=[N+]1C(c2ccc(F)cc2)=CC(=[N+]C(=Cc2ccccc2)c2ccccc2)c2ccccc21,33
O=[N+]1C(c2ccc(F)cc2)=CC(=[N+]Cc2ccccc2)c2ccccc21,26
O=[N+]1C(c2ccc(F)cc2)=CC(=[N+]2CC(c3ccccc3)=C2c2ccccc2)c2ccccc21,34
O=C1C(c2ccccc2)=C(c2ccccc2)[N+]1=C1C=C(c2ccccc2)[N+](=O)c2ccccc21,34
F,1
C,1
O=C1[N+]C(c2ccccc2)=C1c1ccccc1,17
O=C1C(c2ccccc2)=C(c2ccccc2)[N+]1=C1C=C(c2ccc(F)cc2)[N+](=O)c2ccccc21,35
Cc1ccccc1,7
O=C1NC(=O)N(Cc2ccccc2)C(=O)C1=C1[NH+]=C(c2ccccc2)[N+](=O)c2ccccc21,33
O,1
CN1C(=O)C(=C2c3ccc(Cl)cc3[N+](=O)C(c3ccc(Br)cc3)=[N+]2[O-])C(=O)N(Cc2ccccc2)C1=O,37
O=[N+]C(=[N+][O-])c1ccc(Br)cc1,12
O=[N+]1C(c2ccccc2)=[NH+]Cc2ccccc21,17
CN1C(=O)C(=C[N+]([O-])=C([N+]=O)c2ccc(Br)cc2)C(=O)N(Cc2ccccc2)C1=O,30
CN1C(=O)C(=C([N+][O-])c2ccc(Cl)cc2)C(=O)N(Cc2ccccc2)C1=O,27
Cc1ccccc1,7
O=C1NC(=O)N(Cc2ccccc2)C(=O)C1=C1c2ccc(Cl)cc2[N+](=O)C(c2ccc(Br)cc2)=[N+]1[O-],36
O=C1NC(=O)C(=C2[NH+]=C(c3ccccc3)[N+](=O)c3ccccc32)C(=O)N1,26
Br,1
O=[N+](C(=[N+][O-])c1ccc(Br)cc1)c1cccc(Cl)c1,19
Brc1ccccc1,7
C,1
CN1C(=O)CC(=O)N(Cc2ccccc2)C1=O,17
O=C1CC(=O)N(Cc2ccccc2)C(=O)N1,16
c1ccccc1,6
[O-],1
Cl,1
O=CN(Cc1ccccc1)C(=O)C=C1c2ccc(Cl)cc2[N+](=O)C(c2ccc(Br)cc2)=[N+]1[O-],33
O=[N+]1C(c2ccc(Br)cc2)=[N+]([O-])Cc2ccc(Cl)cc21,20
O=[N+]1C=[NH+]Cc2ccccc21,11
O=C1CC(=O)NC(=O)N1,9
CN1C(=O)CC(=O)NC1=O,10
CN1C(=O)NC(=O)C(=C2[NH+]=C(c3ccccc3)[N+](=O)c3ccccc32)C1=O,27
O=C1NC(=O)N(c2ccccc2)C(=O)C1=C1c2ccccc2[N+](=O)C(c2cccc(F)c2)=[N+]1[O-],34
O,1
O=C1NC(=O)N(c2ccccc2)C(=O)C1=C1[NH+]=C(c2ccccc2)[N+](=O)c2ccccc21,32
CN1C(=O)C(=C([N+][O-])c2ccccc2)C(=O)N(c2ccccc2)C1=O,25
O=[N+](C(=[N+][O-])c1cccc(F)c1)c1ccccc1,18
O=[N+]1C(c2ccccc2)=[NH+]Cc2ccccc21,17
Fc1ccccc1,7
O=CN(C(=O)C=C1c2ccccc2[N+](=O)C(c2cccc(F)c2)=[N+]1[O-])c1ccccc1,31
O=C1CC(=O)N(c2ccccc2)C(=O)N1,15
CN1C(=O)CC(=O)N(c2ccccc2)C1=O,16
Cc1ccccc1,7
O=C1NC(=O)C(=C2[NH+]=C(c3ccccc3)[N+](=O)c3ccccc32)C(=O)N1,26
CN1C(=O)C(=C[N+]([O-])=C([N+]=O)c2cccc(F)c2)C(=O)N(c2ccccc2)C1=O,29
CN1C(=O)C(=C2c3ccccc3[N+](=O)C(c3cccc(F)c3)=[N+]2[O-])C(=O)N(c2ccccc2)C1=O,35
C,1
c1ccccc1,6
[O-],1
O=[N+]C(=[N+][O-])c1cccc(F)c1,12
O=[N+]1C(c2cccc(F)c2)=[N+]([O-])Cc2ccccc21,19
F,1
O=[N+]1C=[NH+]Cc2ccccc21,11
O=C1CC(=O)NC(=O)N1,9
CN1C(=O)CC(=O)NC1=O,10
CN1C(=O)NC(=O)C(=C2[NH+]=C(c3ccccc3)[N+](=O)c3ccccc32)C1=O,27
O=C1C(=O)[N+](=O)c2ccccc2C1=C1[NH+]=C(c2ccccc2)c2ccccc21,28
O,1
O=C1C(=O)[N+](=O)c2ccc(Cl)cc2C1=C1c2ccc(F)cc2C(c2ccc(Br)cc2)=[N+]1[O-],32
[O-][N+]=C(c1ccc(Br)cc1)c1cccc(F)c1,17
O=CC(=O)[N+](=O)c1ccc(Cl)cc1,13
O=CC(=O)C=C1c2ccc(F)cc2C(c2ccc(Br)cc2)=[N+]1[O-],23
c1ccc(C2=[NH+]Cc3ccccc32)cc1,15
Cc1ccccc1,7
O=[N+]C(=O)C(=O)C=C1c2ccc(F)cc2C(c2ccc(Br)cc2)=[N+]1[O-],25
O=C[N+](=O)c1ccc(Cl)cc1C=C1c2ccc(F)cc2C(c2ccc(Br)cc2)=[N+]1[O-],30
Br,1
Brc1ccccc1,7
C,1
c1ccccc1,6
[O-],1
Cl,1
[O-][N+]1=C(c2ccc(Br)cc2)c2cc(F)ccc2C1=Cc1cccc(Cl)c1,26
O=C[N+]=O,4
[O-][N+]1=C(c2ccc(Br)cc2)c2cc(F)ccc2C1,18
F,1
O=C1Cc2cc(Cl)ccc2[N+](=O)C1=O,14
O=C1Cc2ccccc2[N+](=O)C1=O,13
O=CC(=O)[N+]=O,6
O=C1CC(=C2c3ccc(F)cc3C(c3ccc(Br)cc3)=[N+]2[O-])c2cc(Cl)ccc2[N+]1=O,31
C1=[NH+]Cc2ccccc21,9
O,1
O=C1N(c2ccccc2Cl)C[N+](=O)N1[N+](=O)c1ccccc1F,23
O=[N+]C(=O)[N+]=O,6
Fc1ccccc1,7
Cc1ccccc1,7
O=C1[N+](=O)C(=C2N(c3ccccc3Cl)CN([N+](=O)c3ccccc3F)[N+]2=O)c2ccccc2[N+]1=O,35
O=[N+]N(C(=O)Nc1ccccc1Cl)[N+](=O)c1ccccc1F,22
O=C1NC(=C2c3ccccc3[N+](=O)C(=O)[N+]2=O)[N+](=O)N1[N+](=O)c1ccccc1,28
O=C1[N+](=O)C(=C[N+](=O)N[N+](=O)c2ccccc2F)c2ccccc2[N+]1=O,26
C,1
c1ccccc1,6
Cl,1
O=C1NC(=C2c3ccccc3[N+](=O)C(=O)[N+]2=O)[N+](=O)N1[N+](=O)c1ccccc1F,29
O=C1[N+](=O)C(=C(Nc2ccccc2Cl)[N+](=O)N[N+](=O)c2ccccc2F)c2ccccc2[N+]1=O,34
O=C1N(c2ccccc2)C(=C2c3ccccc3[N+](=O)C(=O)[N+]2=O)[N+](=O)N1[N+](=O)c1ccccc1,34
Clc1ccccc1,7
O=CN([N+](=O)C=C1c2ccccc2[N+](=O)C(=O)[N+]1=O)[N+](=O)c1ccccc1F,28
F,1
O=C1[N+](=O)Cc2ccccc2[N+]1=O,13
O=[N+]c1ccccc1F,9
O=[N+]C(=O)[N+](=O)c1ccccc1,12
O=C1NCc2ccccc2[N+]1=O,12
O=C1N(c2ccccc2Cl)C(=C2c3ccccc3[N+](=O)C(=O)[N+]2=O)[N+](=O)N1[N+](=O)c1ccccc1F,36
O,1
O=C1CC(=O)N(c2cccc(F)c2)C(=O)N1c1ccccc1,22
O=C1CC(=O)N(c2ccccc2)C(=O)N1c1ccccc1,21
O=C(Nc1ccccc1)Nc1cccc(F)c1,17
O=C1NC(=O)N(c2ccccc2)C(=O)C1=C1[NH+]=C(c2ccccc2)[N+](=O)c2ccccc21,32
O=CN(C(=O)C=C1c2ccc(Cl)cc2[N+](=O)C(c2cccc(F)c2)=[N+]1[O-])c1cccc(F)c1,33
Fc1ccccc1,7
O=[N+]1C(c2ccccc2)=[NH+]Cc2ccccc21,17
O=C1C(=C2[NH+]=C(c3ccccc3)[N+](=O)c3ccccc32)C(=O)N(c2ccccc2)C(=O)N1c1ccccc1,38
O=C1CC(=O)N(c2ccccc2)C(=O)N1,15
Cc1ccccc1,7
O=C1NC(=O)C(=C2[NH+]=C(c3ccccc3)[N+](=O)c3ccccc32)C(=O)N1,26
O=C1C(=C2c3ccc(Cl)cc3[N+](=O)C(c3cccc(F)c3)=[N+]2[O-])CN(c2ccccc2)C(=O)N1c1cccc(F)c1,41
O=C(C=C1c2ccc(Cl)cc2[N+](=O)C(c2cccc(F)c2)=[N+]1[O-])N(C(=O)Nc1ccccc1)c1cccc(F)c1,40
O=[N+]1C(c2cccc(F)c2)=[N+]([O-])Cc2ccc(Cl)cc21,20
CN1C(=O)C(=C2c3ccccc3[N+](=O)C(c3cccc(F)c3)=[N+]2[O-])C(=O)N(c2ccccc2)C1=O,35
C,1
c1ccccc1,6
[O-],1
Cl,1
O=[N+]C(=[N+][O-])c1cccc(F)c1,12
O=C1C(=C2c3ccc(Cl)cc3[N+](=O)C(c3cccc(F)c3)=[N+]2[O-])C(=O)N(c2cccc(F)c2)C(=O)N1c1ccccc1,42
O=[N+](C(=[N+][O-])c1cccc(F)c1)c1cccc(Cl)c1,19
F,1
O=[N+]1C=[NH+]Cc2ccccc21,11
O=[N+]C(c1cccc(F)c1)=[N+]([O-])C=C1C(=O)N(c2ccccc2)C(=O)N(c2cccc(F)c2)C1=O,35
O=C1CC(=O)NC(=O)N1,9
CN1C(=O)CC(=O)NC1=O,10
CN1C(=O)NC(=O)C(=C2[NH+]=C(c3ccccc3)[N+](=O)c3ccccc32)C1=O,27
O,1
Clc1ccccn1,7
Cc1cccc(Cl)n1,8
O=C(O)C(O)=c1c(=Cc2cccc(Cl)n2)[n+]([O-])c(-c2ccccn2)c2ccccc12,30
O=C1Oc2ccccc2OC1=c1c(=Cc2ccccn2)[nH+]cc2ccccc12,28
c1ccncc1,6
[O-][n+]1c(-c2ccccn2)c2ccccc2c(=C2COc3ccccc3O2)c1=Cc1cccc(Cl)n1,35
O=C1Oc2ccccc2OC1=c1c(=Cc2cccc(Cl)n2)[n+]([O-])c(-c2ccccn2)c2ccccc12,36
O=CC(O)=c1c(=Cc2cccc(Cl)n2)[n+]([O-])c(-c2ccccn2)c2ccccc12,29
O=C1Oc2ccccc2OC1=c1c(=Cc2ccccn2)[nH+]c(-c2ccccn2)c2ccccc12,34
C,1
c1ccccc1,6
[O-],1
Cl,1
C=c1c(=C2Oc3ccccc3OC2=O)c2ccccc2c(-c2ccccn2)[n+]1[O-],29
O=C1COc2ccccc2O1,11
[O-][n+]1c(-c2ccccn2)c2ccccc2c(=COc2ccccc2O)c1=Cc1cccc(Cl)n1,34
O=COc1ccccc1O,10
[O-][n+]1c(-c2ccccn2)c2ccccc2c(=CO)c1=Cc1cccc(Cl)n1,27
Cc1ccccn1,7
O,1
O=C1NC(=C2[NH+]=C(c3ccccc3)[N+](=O)c3ccccc32)C(=O)N1c1ccccc1,30
O=C1C[N+](=O)C(=O)N1c1ccc(Cl)cc1,15
O=C1NC(=O)C(=C2[NH+]=C(c3ccccc3)[N+](=O)c3ccccc32)N1,24
O=[N+]1C(c2ccccc2)=[NH+]Cc2ccccc21,17
CN1C(=O)NC(=C2[NH+]=C(c3ccccc3)[N+](=O)c3ccccc32)C1=O,25
O=C(Nc1ccc(Cl)cc1)[N+](=O)C=C1c2ccccc2[N+](=O)C(c2ccc(F)cc2F)=[N+]1[O-],33
Fc1cccc(F)c1,8
O=C1C[N+](=O)C(=O)N1c1ccccc1,14
O=C1CNC(=O)N1,7
O=C1N(c2ccc(Cl)cc2)CC(=C2c3ccccc3[N+](=O)C(c3ccc(F)cc3F)=[N+]2[O-])[N+]1=O,34
Cc1ccccc1,7
O=C1NC(=O)[N+](=O)C1=C1[NH+]=C(c2ccccc2)[N+](=O)c2ccccc21,25
O=[N+]1C(c2ccc(F)cc2F)=[N+]([O-])Cc2ccccc21,20
O=C1CNC(=O)N1c1ccccc1,13
CN1C(=O)CNC1=O,8
C,1
c1ccccc1,6
[O-],1
Cl,1
O=[N+](C(=[N+][O-])c1ccc(F)cc1F)c1ccccc1,19
O=C[N+](=O)C=C1c2ccccc2[N+](=O)C(c2ccc(F)cc2F)=[N+]1[O-],25
O=C1C[N+](=O)C(=O)N1,8
O=C1C(=C2c3ccccc3[N+](=O)C(c3ccc(F)cc3F)=[N+]2[O-])[N+](=O)C(=O)N1c1ccc(Cl)cc1,35
Clc1ccccc1,7
O=C1NC(=O)C(=C2[NH+]=C[N+](=O)c3ccccc32)N1,18
O=C1C(=C2[NH+]=C(c3ccccc3)[N+](=O)c3ccccc32)[N+](=O)C(=O)N1c1ccccc1,31
O=CNc1ccc(Cl)cc1,10
F,1
O=[N+]1C=[NH+]Cc2ccccc21,11
O=[N+]C(=[N+][O-])c1ccc(F)cc1F,13
O=[N+]C(c1ccc(F)cc1F)=[N+]([O-])C=C1C(=O)N(c2ccc(Cl)cc2)C(=O)[N+]1=O,29
